Product Name,Brand,Price,Image URL,is_girly
Native Deodorant - Coconut & Vanilla - Aluminum Free - 2.65 oz,Native,$14.59,https://target.scene7.com/is/image/Target/GUEST_25dc8e7e-9122-4ab6-88fe-ba020553be3a?qlt=85&fmt=webp&hei=500&wid=500,no
Secret Clinical Strength Invisible Solid Clean Antiperspirant & Deodorant for Women Lavender,Secret,$14.59,https://target.scene7.com/is/image/Target/GUEST_96afebaf-a2ad-4fde-9b68-8ce1b12e7d8d?qlt=85&fmt=webp&hei=500&wid=500,yes
Degree Men Cool Rush Antiperspirant & Deodorant Stick,Degree,$7.99,https://target.scene7.com/is/image/Target/GUEST_56826bcf-1025-4eaa-9517-76dcafa5c043?qlt=85&fmt=webp&hei=500&wid=500,no
Suave Powder Anti-Staining 48-Hour Antiperspirant & Deodorant Stick - 2.6oz/2pk,Suave,$4.79,https://target.scene7.com/is/image/Target/GUEST_698dd01f-83ec-4099-ad09-cd7be0421139?qlt=65&fmt=pjpeg&hei=350&wid=350,yes
Degree Ultra Clear Pure Clean Antiperspirant & Deodorant - 2.6oz,Degree,$6.39 - $11.89,https://target.scene7.com/is/image/Target/GUEST_1502c1d1-d04a-4ffe-999b-7ed1c2ec750e?qlt=65&fmt=pjpeg&hei=350&wid=350,no
Secret Fresh Clear Gel and Deodorant for Women - Relaxing Refreshing Lavender - 2.6oz,Secret,$7.69 - $13.99,https://target.scene7.com/is/image/Target/GUEST_f53b53f1-8af4-49d7-a219-50f98a47895a?qlt=65&fmt=pjpeg&hei=350&wid=350,no
Secret Aluminum Free Deodorant for Women - Lavender - 2.4oz,Secret,$8.89,https://target.scene7.com/is/image/Target/GUEST_252fe11a-0f38-4c35-ac0a-03b3fc27aa15?qlt=65&fmt=pjpeg&hei=350&wid=350,no
Secret Invisible Solid Antiperspirant and Deodorant - Powder Fresh Twin Pack - 2.6oz/2ct,Secret,$7.89,https://target.scene7.com/is/image/Target/GUEST_9b7e78bc-1331-450d-9a49-16040d8e23d1?qlt=65&fmt=pjpeg&hei=350&wid=350,no
Old Spice Men's Deodorant Aluminum-Free Wilderness with Lavender - 3oz,Old Spice,$8.89,https://target.scene7.com/is/image/Target/GUEST_5733d10e-0693-4382-bce7-bdab5d89b532?qlt=65&fmt=pjpeg&hei=350&wid=350,no
Secret Outlast Invisible Solid Antiperspirant & Deodorant for Women Completely Clean,Secret,$8.89,https://target.scene7.com/is/image/Target/GUEST_3f23f258-8072-4a5c-84c6-5c925cff56e4?qlt=65&fmt=pjpeg&hei=350&wid=350,no
Dove Beauty 0% Aluminum Coconut & Pink Jasmine Women's Deodorant Stick - 2.6oz,Dove Beauty,$6.99,https://target.scene7.com/is/image/Target/GUEST_d5848721-6aba-492e-964d-8a2ada4d0fd1?qlt=65&fmt=pjpeg&hei=350&wid=350,no
Secret Clinical Strength Completely Clean Invisible Solid Antiperspirant & Deodorant,Secret,$11.29 - $14.59,https://target.scene7.com/is/image/Target/GUEST_a2932687-b6af-4dc1-b9e0-272482e9d5ef?qlt=65&fmt=pjpeg&hei=350&wid=350,no
Native Deodorant - Sea Salt & Cedar - Aluminum Free - 2.65 oz,Native,$14.59,https://target.scene7.com/is/image/Target/GUEST_fd02c840-c7a8-41db-8bfd-80318e671c50?qlt=65&fmt=pjpeg&hei=350&wid=350,no
Degree Advanced Motionsense Sexy Intrigue 72-Hour Antiperspirant & Deodorant Stick - 2.6oz,Degree,$6.39,https://target.scene7.com/is/image/Target/GUEST_10debaa5-c944-436a-bb4c-62a0bd86992d?qlt=65&fmt=pjpeg&hei=350&wid=350,no
Lady Speed Stick Invisible Dry Antiperspirant Deodorant - Shower Fresh - 2.3oz/2pk,Lady Speed Stick,$4.39,https://target.scene7.com/is/image/Target/GUEST_99f89107-6d5f-4db2-9360-418276c371cc?qlt=65&fmt=pjpeg&hei=350&wid=350,no
Degree Men Ultraclear Black + White 72-Hour Antiperspirant & Deodorant - 2.7oz/2pk,Degree,$11.99,https://target.scene7.com/is/image/Target/GUEST_60e87eaf-fd3f-4020-b3ca-56bee630daf8?qlt=65&fmt=pjpeg&hei=350&wid=350,no
Dove Beauty Advanced Care Caring Coconut 72-Hour Antiperspirant & Deodorant Stick - 2.6oz,Dove Beauty,$7.89,https://target.scene7.com/is/image/Target/GUEST_5a98c606-2a95-4f61-8cc3-9ea116d92e10?qlt=65&fmt=pjpeg&hei=350&wid=350,no
Dove Beauty Advanced Care Cool Essentials 72-Hour Women's Antiperspirant & Deodorant Dry Spray,Dove Beauty,$8.99,https://target.scene7.com/is/image/Target/GUEST_2bd6b72f-9fae-4b49-af52-88a0dec0a63d?qlt=65&fmt=pjpeg&hei=350&wid=350,no
Secret Clinical Strength Clear Gel Antiperspirant and Deodorant for Women - Completely Clean - 2.6oz,Secret,$14.59,https://target.scene7.com/is/image/Target/GUEST_fcf74d5e-a4d5-444e-b08c-8b0e60fbeb3c?qlt=65&fmt=pjpeg&hei=350&wid=350,no
Dove Men+Care 72-Hour Dry Spray Antiperspirant & Deodorant - Clean Comfort - 3.8oz,Dove Men+Care,$10.19,https://target.scene7.com/is/image/Target/GUEST_d9ca6767-8450-445f-ac9b-eadf36d3fc92?qlt=65&fmt=pjpeg&hei=350&wid=350,no
Native Deodorant - Coconut & Vanilla - Aluminum Free - Trial Size 0.35 oz,Native,$3.79,https://target.scene7.com/is/image/Target/GUEST_9f5d4f79-8ce4-4768-a509-cee6ad2741cd?qlt=65&fmt=pjpeg&hei=350&wid=350,no
Dove Beauty Advanced Care Cool Essentials 48-Hour Women's Antiperspirant & Deodorant,Dove Beauty,$14.39,https://target.scene7.com/is/image/Target/GUEST_eb609a2c-4054-4329-a8eb-348bb37691fb?qlt=65&fmt=pjpeg&hei=350&wid=350,no
Dove Beauty Advanced Care Caring Coconut 72-Hour Women's Antiperspirant & Deodorant Dry Spray - 3.8oz,Dove Beauty,$8.99,https://target.scene7.com/is/image/Target/GUEST_b3715d89-660d-483c-bafa-d64296fe86b1?qlt=65&fmt=pjpeg&hei=350&wid=350,no
Lume Whole Body Women's Deodorant - Mini Smooth Solid Stick - Aluminum Free - Soft Powder Scent - Trial Size - 0.5oz,Lume,$4.49,https://target.scene7.com/is/image/Target/GUEST_d9211309-eb1b-417d-8162-f92ed691973e?qlt=65&fmt=pjpeg&hei=350&wid=350,no
Old Spice High Endurance Deodorant for Men - 3.4oz/2pk,Old Spice,$10.19,https://target.scene7.com/is/image/Target/GUEST_ed3f3cd9-8d93-47ab-a861-ce24cf2008b8?qlt=65&fmt=pjpeg&hei=350&wid=350,no
Secret Outlast Invisible Solid Antiperspirant and Deodorant - Completely Clean - 0.5oz - Trial Size,Secret,$1.89,https://target.scene7.com/is/image/Target/GUEST_e6d24394-b40d-47ff-bc2e-a24ee078d971?qlt=65&fmt=pjpeg&hei=350&wid=350,no
Dove Beauty Advanced Care Cool Essentials 72-Hour Antiperspirant & Deodorant Stick - 2.6oz,Dove Beauty,$7.89,https://target.scene7.com/is/image/Target/GUEST_e126a39d-5d05-41e4-862b-a988402a6017?qlt=65&fmt=pjpeg&hei=350&wid=350,no
Dove Men+Care 72-Hour Antiperspirant & Deodorant Stick - Clean Comfort - 2.7oz/2ct,Dove Men+Care,$14.39,https://target.scene7.com/is/image/Target/GUEST_cacde579-181d-4294-80bf-afabe735d632?qlt=65&fmt=pjpeg&hei=350&wid=350,no
Degree Men Ultraclear Black + White Fresh 72-Hour Antiperspirant & Deodorant - 2.7oz,Degree,$4.99,https://target.scene7.com/is/image/Target/GUEST_6886f280-84a6-44ae-8e61-f93f50e36299?qlt=65&fmt=pjpeg&hei=350&wid=350,no
Secret Clinical Strength Invisible Solid Antiperspirant and Deodorant for Women - 2.6oz,Secret,$14.59,https://target.scene7.com/is/image/Target/GUEST_e2f71e83-c4f4-4d19-978b-30e0cf94ffb2?qlt=65&fmt=pjpeg&hei=350&wid=350,no
Old Spice Men's Deep Sea with Ocean Elements Antiperspirant & Deodorant - 2.6oz,Old Spice,$8.89,https://target.scene7.com/is/image/Target/GUEST_6cf93cf1-6a31-4742-a38f-e8502fae9911?qlt=65&fmt=pjpeg&hei=350&wid=350,no
Dove Men+Care 72-Hour Stain Defense Antiperspirant & Deodorant Stick - Clean - 2.7oz,Dove Men+Care,$7.89,https://target.scene7.com/is/image/Target/GUEST_4ffffc22-5948-4ed4-9f68-a7c41a0cdeac?qlt=65&fmt=pjpeg&hei=350&wid=350,no
Secret Clinical Strength Invisible Solid Clean Antiperspirant & Deodorant for Women Lavender,Secret,$14.59,https://target.scene7.com/is/image/Target/GUEST_96afebaf-a2ad-4fde-9b68-8ce1b12e7d8d?qlt=65&fmt=pjpeg&hei=350&wid=350,no
Native Deodorant - Lilac & White Tea - 2.65 oz,Native,$14.59,https://target.scene7.com/is/image/Target/GUEST_e1d9e539-9260-4240-adf3-adf818f82dab?qlt=65&fmt=pjpeg&hei=350&wid=350,no
Dove Beauty Original Clean 24-Hour Women's Antiperspirant & Deodorant Stick - 2pc/2.6oz,Dove Beauty,$8.69,https://target.scene7.com/is/image/Target/GUEST_652b2c8c-01b2-4c0a-87b2-b8a819d8b9af?qlt=65&fmt=pjpeg&hei=350&wid=350,no
Native Deodorant & Body Spray - Coconut & Vanilla - Aluminum Free - 3.5 oz,Native,$14.99,https://target.scene7.com/is/image/Target/GUEST_c361a968-577c-4ed1-90d2-50e2eda113ce?qlt=65&fmt=pjpeg&hei=350&wid=350,no
Old Spice Men's Fiji with Palm Tree Antiperspirant & Deodorant - 2.6oz,Old Spice,$8.89 - $15.29,https://target.scene7.com/is/image/Target/GUEST_faf941ee-b266-4b01-94dc-c53209a32716?qlt=65&fmt=pjpeg&hei=350&wid=350,no
Secret Clinical Strength Antiperspirant and Deodorant for Women Soft Solid - Light & Fresh - 2.6oz,Secret,$14.59,https://target.scene7.com/is/image/Target/GUEST_622442af-7cc0-43f2-8617-b8c0b620225d?qlt=65&fmt=pjpeg&hei=350&wid=350,no
Secret Clinical Strength Antiperspirant and Deodorant for Women Soft Solid - Light & Fresh - 2.6oz,Secret,$14.59,https://target.scene7.com/is/image/Target/GUEST_622442af-7cc0-43f2-8617-b8c0b620225d?qlt=65&fmt=pjpeg&hei=350&wid=350,no
Secret Whole Body Aluminum Free Deodorant Spray - Peach & Vanilla - 3.5oz,Secret,$14.59,https://target.scene7.com/is/image/Target/GUEST_4a1dfa0e-47db-4123-b1eb-c61cda63e9fd?qlt=65&fmt=pjpeg&hei=350&wid=350,no
Dove Beauty Advanced Care 48-Hour Cool Essentials Antiperspirant & Deodorant Stick - Trial Size - 0.5oz,Dove Beauty,$1.59,https://target.scene7.com/is/image/Target/GUEST_e4afe1d8-39a1-4af6-8e9b-549c2ebac101?qlt=65&fmt=pjpeg&hei=350&wid=350,no
Dove Men+Care 72-Hour Antiperspirant & Deodorant Stick - Extra Fresh,Dove Men+Care,$14.39 - $23.99,https://target.scene7.com/is/image/Target/GUEST_815d0dd9-37ef-4659-96cb-4d77073859fe?qlt=65&fmt=pjpeg&hei=350&wid=350,no
Dove Beauty Advanced Care Sheer Fresh 72-Hour Women's Antiperspirant & Deodorant Dry Spray - 3.8oz,Dove Beauty,$8.99,https://target.scene7.com/is/image/Target/GUEST_a8ac5375-d150-46e4-8ba9-b0d5a9bd2a20?qlt=65&fmt=pjpeg&hei=350&wid=350,no
Native Deodorant - Eucalyptus & Mint - Aluminum Free - 2.65 oz,Native,$14.59,https://target.scene7.com/is/image/Target/GUEST_e6aea9b9-2a51-4722-ac1b-e47a71aaa0fe?qlt=65&fmt=pjpeg&hei=350&wid=350,no
Secret Clinical Strength Completely Clean Invisible Solid Antiperspirant & Deodorant,Secret,$11.29 - $14.59,https://target.scene7.com/is/image/Target/GUEST_75cb8d69-52bf-4d80-9617-d4fc1645c556?qlt=65&fmt=pjpeg&hei=350&wid=350,no
Native Sensitive Deodorant - Sandalwood & Shea - No Baking Soda - 2.65 oz,Native,$14.59,https://target.scene7.com/is/image/Target/GUEST_37a74ce3-106a-4fc2-92c9-0c7720748b6e?qlt=65&fmt=pjpeg&hei=350&wid=350,no
Native Deodorant - Cucumber & Mint - Aluminum Free - 2.65 oz,Native,$14.59,https://target.scene7.com/is/image/Target/GUEST_d821b55e-b04d-43b1-b756-53b167e0e58f?qlt=65&fmt=pjpeg&hei=350&wid=350,no
Dove Beauty Clinical Protection Skin Renew Women's Antiperspirant & Deodorant Stick - 1.7oz,Dove Beauty,$12.49,https://target.scene7.com/is/image/Target/GUEST_574c078d-4588-4e35-9841-42e04c76995c?qlt=65&fmt=pjpeg&hei=350&wid=350,no
Lume Whole Body Women's Deodorant - Smooth Solid Stick - Aluminum Free  - Clean Tangerine Scent - 2.6oz,Lume,$14.99,https://target.scene7.com/is/image/Target/GUEST_51550d0c-9643-4e08-a140-d3a8f0d847c6?qlt=65&fmt=pjpeg&hei=350&wid=350,yes
Native Deodorant - Cucumber & Mint - Aluminum Free - Trial Size 0.35 oz,Native,$3.79,https://target.scene7.com/is/image/Target/GUEST_f1ddea96-d438-440f-9a5f-1abc91679fdd?qlt=65&fmt=pjpeg&hei=350&wid=350,no
Dove Beauty Advanced Care Rose Petals 72-Hour Women's Antiperspirant & Deodorant Dry Spray - 3.8oz,Dove Beauty,$7.99,https://target.scene7.com/is/image/Target/GUEST_8ee04b0e-ce17-4e9b-82fd-b6c926d3a77c?qlt=65&fmt=pjpeg&hei=350&wid=350,no
Native Deodorant - Lavender & Rose - Aluminum Free - 2.65 oz,Native,$14.59,https://target.scene7.com/is/image/Target/GUEST_ff884454-48bb-434a-be69-5c54537b6c2f?qlt=65&fmt=pjpeg&hei=350&wid=350,yes
Dove Beauty go Fresh Cool Essentials 48-Hour Antiperspirant & Deodorant Spray Twin Pack - 3.8oz/2ct,Dove Beauty,$18.39,https://target.scene7.com/is/image/Target/GUEST_f474c918-6765-4e20-9d4a-f85b7a9e5e93?qlt=65&fmt=pjpeg&hei=350&wid=350,no
Dove Beauty Advanced Care Sheer Fresh 72-Hour Women's Antiperspirant & Deodorant Stick - 2.6oz,Dove Beauty,$7.89,https://target.scene7.com/is/image/Target/GUEST_c898965b-3f3b-4048-8153-398b1685c3fb?qlt=65&fmt=pjpeg&hei=350&wid=350,no
Dove Beauty Cool Essentials Antiperspirant Deodorant Dry Spray - Trial Size - 1oz,Dove Beauty,$3.19,https://target.scene7.com/is/image/Target/GUEST_e3249ff9-a156-4f98-88ad-518823d250e0?qlt=65&fmt=pjpeg&hei=350&wid=350,no
Degree Men Cool Rush 72-Hour Antiperspirant & Deodorant Stick - Trial Size - 0.5oz,Degree,$1.19,https://target.scene7.com/is/image/Target/GUEST_124a6675-632d-4e3b-9072-6c7652551c4e?qlt=65&fmt=pjpeg&hei=350&wid=350,no
Dove Beauty Clinical Protection Cool Essentials Women's Antiperspirant & Deodorant Stick - 1.7oz,Dove Beauty,$12.49,https://target.scene7.com/is/image/Target/GUEST_b2a8db6d-b7b1-4f37-ac23-b11df1bd14d8?qlt=65&fmt=pjpeg&hei=350&wid=350,no
Gillette Cool Wave Clear Gel Antiperspirant & Deodorant,Gillette,$6.79 - $12.49,https://target.scene7.com/is/image/Target/GUEST_20e903ce-194b-44e0-a74c-5df1ee2a582d?qlt=65&fmt=pjpeg&hei=350&wid=350,no
SheaMoisture Aluminum Free Whole Body Invisible Deodorant Anti-Chafe Stick - Coconut & Hibiscus - 2.6oz,SheaMoisture,$12.19,https://target.scene7.com/is/image/Target/GUEST_e1db3731-3c29-4dab-a590-c54cda52b093?qlt=65&fmt=pjpeg&hei=350&wid=350,no
Tom's of Maine Mountain Spring Deodorant - 3.25oz,Tom's of Maine,$10.19,https://target.scene7.com/is/image/Target/GUEST_ba98774b-a07c-491c-8ed8-77309f4e2e5b?qlt=65&fmt=pjpeg&hei=350&wid=350,no
Lume Whole Body Women's Deodorant - Smooth Solid Stick - Aluminum Free - Lavender Sage Scent - 2.6oz,Lume,$18.99,https://target.scene7.com/is/image/Target/GUEST_515b0cc7-fde8-4e13-9062-8915ba19c94e?qlt=65&fmt=pjpeg&hei=350&wid=350,yes
Dove Beauty Advanced Care Clear Finish 72-Hour Women's Antiperspirant & Deodorant Stick - 2.6oz,Dove Beauty,$6.89,https://target.scene7.com/is/image/Target/GUEST_a601a71e-7d93-49b9-8396-ecc203e5207d?qlt=65&fmt=pjpeg&hei=350&wid=350,no
Native Sensitive Deodorant - Cotton & Lily - No Baking Soda - 2.65 oz,Native,$14.59,https://target.scene7.com/is/image/Target/GUEST_069258a1-1f10-4a34-843e-5fe436d20bf8?qlt=65&fmt=pjpeg&hei=350&wid=350,no
Secret Outlast Xtend Completely Clean Clear Gel Antiperspirant & Deodorant,Secret,$8.89 - $15.29,https://target.scene7.com/is/image/Target/GUEST_1dae813a-bf5d-4195-9ad8-e1b4165632ef?qlt=65&fmt=pjpeg&hei=350&wid=350,no
Gillette Cool Wave Clear Gel Antiperspirant & Deodorant,Gillette,$6.79 - $12.49,https://target.scene7.com/is/image/Target/GUEST_6c9829bb-5d9d-4e5f-8c43-6d7ff68aae35?qlt=65&fmt=pjpeg&hei=350&wid=350,no
Dove Beauty VitaminCare+ Aluminum Free Deodorant Stick with Niacinamide - Coconut & Shea - 2.6oz,Dove Beauty,$14.69,https://target.scene7.com/is/image/Target/GUEST_d9a32b79-fd20-4626-af87-dd5f7942df2b?qlt=65&fmt=pjpeg&hei=350&wid=350,no
Native Deodorant - Sea Salt & Cedar - Aluminum Free - 2.65 oz,Native,$14.59,https://target.scene7.com/is/image/Target/GUEST_fd02c840-c7a8-41db-8bfd-80318e671c50?qlt=65&fmt=pjpeg&hei=350&wid=350,no
Dove Beauty Clinical Protection Original Clean Women's Antiperspirant & Deodorant Stick - 1.7oz,Dove Beauty,$12.49,https://target.scene7.com/is/image/Target/GUEST_a6c01eb5-bd3c-4276-9faf-fc14b8db6d98?qlt=65&fmt=pjpeg&hei=350&wid=350,no
Dove Beauty Powder 24-Hour Invisible Solid Antiperspirant & Deodorant Stick,Dove Beauty,$3.89 - $8.69,https://target.scene7.com/is/image/Target/GUEST_236a856b-a1ec-4d08-9bd6-86108a22df85?qlt=65&fmt=pjpeg&hei=350&wid=350,no
Degree Men's Ultraclear Black + White Fresh 72-Hour Antiperspirant & Deodorant Dry Spray - 3.8oz,Degree,$7.39,https://target.scene7.com/is/image/Target/GUEST_69f57048-2706-4b35-82a6-bde5af25dbfb?qlt=65&fmt=pjpeg&hei=350&wid=350,no
Degree Ultra Clear Black + White Pure Clean Antiperspirant & Deodorant Dry Spray - 3.8oz,Degree,$7.39 - $13.39,https://target.scene7.com/is/image/Target/GUEST_b9b3e2f4-248c-441e-b6e7-b5c8d906b758?qlt=65&fmt=pjpeg&hei=350&wid=350,no
Dove Beauty Advanced Care Apple & White Tea 72-Hour Women's Antiperspirant & Deodorant Dry Spray - 3.8oz,Dove Beauty,$10.99,https://target.scene7.com/is/image/Target/GUEST_6a9ad590-954a-491b-8864-d86c9aa74490?qlt=65&fmt=pjpeg&hei=350&wid=350,yes
Secret Clinical Strength Clear Gel Antiperspirant and Deodorant for Women - Clean Lavender - 2.6oz,Secret,$14.59,https://target.scene7.com/is/image/Target/GUEST_a3dca292-d3ac-45f3-8ef5-1cc277bb6177?qlt=65&fmt=pjpeg&hei=350&wid=350,no
Saltair Santal Bloom Serum Deodorant - 5% AHA - 1.7 fl oz,Saltair,$13.49,https://target.scene7.com/is/image/Target/GUEST_a2a47587-a19c-43a4-a6f0-ac06ef0e6e0e?qlt=65&fmt=pjpeg&hei=350&wid=350,no
"Secret Solid Antiperspirant and Deodorant, Powder Fresh Scent - 2.7oz/2ct",Secret,$7.89,https://target.scene7.com/is/image/Target/GUEST_5a987d08-0d09-46fd-a12e-004907a3baa1?qlt=65&fmt=pjpeg&hei=350&wid=350,no
Secret Clinical Strength Soft Solid Antiperspirant & Deodorant - Active Fresh - 2.6oz,Secret,$14.59,https://target.scene7.com/is/image/Target/GUEST_e2e23a18-bd00-4e8e-bee6-51c066ec935c?qlt=65&fmt=pjpeg&hei=350&wid=350,no
Old Spice Men's Deodorant Aluminum-Free Fiji with Palm Tree - 3oz,Old Spice,$8.89,https://target.scene7.com/is/image/Target/GUEST_d5c72533-2098-42ab-9ed0-cf25e3a34164?qlt=65&fmt=pjpeg&hei=350&wid=350,no
Native Deodorant - Ocean & Timber - Aluminum Free - 2.65 oz,Native,$14.59,https://target.scene7.com/is/image/Target/GUEST_e297a41d-97eb-4176-8b56-866e3c2076a8?qlt=65&fmt=pjpeg&hei=350&wid=350,no
Secret Clinical Strength Completely Clean Invisible Solid Antiperspirant and Deodorant for Women - Fresh Scent - Trial Size - 0.5oz,Secret,$2.99,https://target.scene7.com/is/image/Target/GUEST_7a95aee0-41e8-4876-bd2b-0f7be9fc324b?qlt=65&fmt=pjpeg&hei=350&wid=350,no
Old Spice Men's Deep Sea with Ocean Elements Antiperspirant & Deodorant - 2.6oz,Old Spice,$8.89,https://target.scene7.com/is/image/Target/GUEST_6cf93cf1-6a31-4742-a38f-e8502fae9911?qlt=65&fmt=pjpeg&hei=350&wid=350,no
Secret Invisible Solid Antiperspirant and Deodorant - Powder Fresh Twin Pack - 2.6oz/2ct,Secret,$7.89,https://target.scene7.com/is/image/Target/GUEST_9b7e78bc-1331-450d-9a49-16040d8e23d1?qlt=65&fmt=pjpeg&hei=350&wid=350,no
Native Deodorant - Citrus & Herbal Musk - Aluminum Free - 2.65 oz,Native,$14.59,https://target.scene7.com/is/image/Target/GUEST_4421a83d-1628-47da-9b6c-00c3c58aca9d?qlt=65&fmt=pjpeg&hei=350&wid=350,no
Secret Powder Fresh Invisible Solid Antiperspirant & Deodorant - 2.6oz,Secret,$4.59,https://target.scene7.com/is/image/Target/GUEST_c65c3ec5-5842-42a5-9ebb-ad213dd416e5?qlt=65&fmt=pjpeg&hei=350&wid=350,no
Old Spice Hardest Working Collection Sweat Defense Antiperspirant & Deodorant Pure Sport Plus Twin Pack - 2.6oz,Old Spice,$15.29,https://target.scene7.com/is/image/Target/GUEST_7741f9e2-a50b-46c9-9219-4856648ea832?qlt=65&fmt=pjpeg&hei=350&wid=350,no
Secret Invisible Solid Antiperspirant & Deodorant - Waterlily Scent - 2.6oz,Secret,$7.69,https://target.scene7.com/is/image/Target/GUEST_cf4d215c-550a-4412-86e6-cd39cfc3640e?qlt=65&fmt=pjpeg&hei=350&wid=350,no
Dove Beauty Aluminum Free Whole Body Deodorant Anti-Chafe Stick - Coconut & Vanilla - 2.6oz,Dove Beauty,$14.69,https://target.scene7.com/is/image/Target/GUEST_b10886cd-8105-4cce-a792-47a59d885b20?qlt=65&fmt=pjpeg&hei=350&wid=350,no
Lume Whole Body Women's Deodorant - Smooth Solid Stick - Aluminum Free  - Peony Rose Scent - 2.6oz,Lume,$14.99,https://target.scene7.com/is/image/Target/GUEST_d520fd43-8e68-4cde-9332-8990412a6d30?qlt=65&fmt=pjpeg&hei=350&wid=350,yes
Old Spice Red Collection Captain Deodorant - 3oz,Old Spice,$8.89,https://target.scene7.com/is/image/Target/GUEST_40727426-2447-4464-8d6e-c9f9bf632d3f?qlt=65&fmt=pjpeg&hei=350&wid=350,no
Ban Invisible Roll-On Antiperspirant Deodorant Unscented with Odor-Fighting Ingredients - 3.5oz,Ban,$6.39,https://target.scene7.com/is/image/Target/GUEST_8cbd4724-d294-4105-adeb-4772f4ba78b1?qlt=65&fmt=pjpeg&hei=350&wid=350,no
Degree Men Sport 48-Hour Antiperspirant & Deodorant Stick - 2.7oz/2ct,Degree,$7.99,https://target.scene7.com/is/image/Target/GUEST_033f0f93-4625-4ffa-b1d2-c069edd7a451?qlt=65&fmt=pjpeg&hei=350&wid=350,no
Degree Clinical Protection Shower Clean Antiperspirant & Deodorant Stick - 1.7oz,Degree,$11.29,https://target.scene7.com/is/image/Target/GUEST_480e9d28-8592-4a74-9842-29a02b0f0dff?qlt=65&fmt=pjpeg&hei=350&wid=350,no
Native Sensitive Deodorant - Aloe & Green Tea - No Baking Soda - 2.65 oz,Native,$14.59,https://target.scene7.com/is/image/Target/GUEST_a9446132-da91-4721-aa4e-50cc6650e7a8?qlt=65&fmt=pjpeg&hei=350&wid=350,no
Secret Clinical Strength Antiperspirant & Deodorant Clear Gel - Completely Clean - 1.6oz,Secret,$11.29,https://target.scene7.com/is/image/Target/GUEST_3cb20ea7-2a0a-4701-aa21-20f1eaf1d87d?qlt=65&fmt=pjpeg&hei=350&wid=350,no
Old Spice Whole Body Deodorant for Men - Total Body Aluminum Free Deodorant - Vanilla & Shea - 3oz,Old Spice,$16.49,https://target.scene7.com/is/image/Target/GUEST_c49dd484-0f51-44ab-8a75-e7ad41d6bffd?qlt=65&fmt=pjpeg&hei=350&wid=350,no
Gillette Clinical Soft Solid Ultimate Fresh Antiperspirant & Deodorant - 2.6oz,Gillette,$15.39,https://target.scene7.com/is/image/Target/GUEST_a0ad71bc-3221-4ce7-8be9-e766e779c791?qlt=65&fmt=pjpeg&hei=350&wid=350,no
Dove Beauty Aluminum Free Whole Body Deodorant Anti-Chafe Stick - Coconut & Vanilla - 2.6oz,Dove Beauty,$14.69,https://target.scene7.com/is/image/Target/GUEST_b10886cd-8105-4cce-a792-47a59d885b20?qlt=65&fmt=pjpeg&hei=350&wid=350,no
Lume Whole Body Women's Deodorant - Smooth Solid Stick - Aluminum Free - Unscented - 2.6oz,Lume,$14.99,https://target.scene7.com/is/image/Target/GUEST_f3b77291-66dd-4e70-b8cd-5810d14af01a?qlt=65&fmt=pjpeg&hei=350&wid=350,no
Degree Clinical Protection 5-In-1 Protection - 1.7oz,Degree,$11.29,https://target.scene7.com/is/image/Target/GUEST_507b5bc2-42fa-456e-bae0-e0d8769e9251?qlt=65&fmt=pjpeg&hei=350&wid=350,no
Native Deodorant - Blackberry & Green Tea - Aluminum Free - 2.65 oz,Native,$14.59,https://target.scene7.com/is/image/Target/GUEST_3799f5a9-1d82-47fb-96f6-4417ed2eb448?qlt=65&fmt=pjpeg&hei=350&wid=350,no
Dove Men+Care Ultimate 96-Hour Clinical Protection Antiperspirant & Deodorant Stick - 1.7oz,Dove Men+Care,$12.49,https://target.scene7.com/is/image/Target/GUEST_d1c2b021-d668-4384-b060-e3c6c1991e5c?qlt=65&fmt=pjpeg&hei=350&wid=350,no
Degree Ultraclear Black + White Pure Rain 72-Hour Antiperspirant & Deodorant - 2.6oz,Degree,$6.39,https://target.scene7.com/is/image/Target/GUEST_6d8126d3-7bc1-484f-8a57-94f4c80d31e9?qlt=65&fmt=pjpeg&hei=350&wid=350,no
Native Deodorant - Grapefruit & Bergamot - Aluminum Free - 2.65 oz,Native,$17.59,https://target.scene7.com/is/image/Target/GUEST_4c982ae7-e99c-40ec-b736-6d794ca0f0a6?qlt=65&fmt=pjpeg&hei=350&wid=350,yes
Lume Whole Body Women's Deodorant - Smooth Solid Stick - Aluminum Free - Soft Powder Scent - 2.6oz,Lume,$16.79,https://target.scene7.com/is/image/Target/GUEST_e07212c9-baae-4859-a052-faad6620b65e?qlt=65&fmt=pjpeg&hei=350&wid=350,yes
Native Deodorant - Sweet Peach & Nectar - Aluminum Free - 2.65 oz,Native,$15.59,https://target.scene7.com/is/image/Target/GUEST_3484e47a-8c8f-434b-ac85-03a2d91fc01b?qlt=65&fmt=pjpeg&hei=350&wid=350,yes
Dove Beauty 0% Aluminum Cucumber & Green Tea Deodorant Stick - 2.6oz,Dove Beauty,$6.99,https://target.scene7.com/is/image/Target/GUEST_a040b6d9-2c6e-4f58-b652-b61aa9a87976?qlt=65&fmt=pjpeg&hei=350&wid=350,no
Lume Whole Body Women's Deodorant - Mini Invisible Cream Tube - Aluminum Free - Soft Powder Scent - Trial Size - 0.5oz,Lume,$4.49,https://target.scene7.com/is/image/Target/GUEST_c0c6fd1b-f5a9-4c5c-be97-06873b3e0ea5?qlt=65&fmt=pjpeg&hei=350&wid=350,no
Dove Beauty Advanced Care Sheer Cool 72-Hour Women's Antiperspirant & Deodorant Dry Spray - 3.8oz,Dove Beauty,$8.99,https://target.scene7.com/is/image/Target/GUEST_acb246bc-7e8f-4deb-bac8-883943985423?qlt=65&fmt=pjpeg&hei=350&wid=350,no
Dove Beauty Advanced Care Clear Finish Invisible Antiperspirant & Deodorant Stick - 0.5oz - Trial Size,Dove Beauty,$1.79,https://target.scene7.com/is/image/Target/GUEST_a8606059-54b9-464f-a67e-329628b3d966?qlt=65&fmt=pjpeg&hei=350&wid=350,no
Old Spice Red Collection Swagger Deodorant for Men - 3oz,Old Spice,$8.89 - $15.29,https://target.scene7.com/is/image/Target/GUEST_676b3387-5141-413a-9bd2-8f0417da033f?qlt=65&fmt=pjpeg&hei=350&wid=350,no
Secret Clinical Strength Invisible Solid Antiperspirant and Deodorant for Women - Stress Response - 1.6oz,Secret,$11.29,https://target.scene7.com/is/image/Target/GUEST_3d1e4e36-203a-4d36-97d7-a38281316f03?qlt=65&fmt=pjpeg&hei=350&wid=350,no
Dove Men+Care 72-Hour Antiperspirant & Deodorant Stick - Trial Size - Clean Comfort - 0.5 oz,Dove Men+Care,$1.39,https://target.scene7.com/is/image/Target/GUEST_355c9536-f491-4370-bde5-dd0d08471469?qlt=65&fmt=pjpeg&hei=350&wid=350,no
Dove Men+Care 72-Hour Stain Defense Dry Spray Antiperspirant & Deodorant - Cool - 3.8oz,Dove Men+Care,$10.19,https://target.scene7.com/is/image/Target/GUEST_b2dcf0ed-e250-454d-85a6-dfd06a1e57d3?qlt=65&fmt=pjpeg&hei=350&wid=350,no
Native Deodorant & Body Spray - Coconut & Vanilla - Aluminum Free - 3.5 oz,Native,$14.99,https://target.scene7.com/is/image/Target/GUEST_c361a968-577c-4ed1-90d2-50e2eda113ce?qlt=65&fmt=pjpeg&hei=350&wid=350,no
Secret Fresh Clear Gel Antiperspirant and Deodorant for Women - Delicate Rose - 2.6oz,Secret,$7.69,https://target.scene7.com/is/image/Target/GUEST_1a2c0e80-db51-426e-a8ef-8afb7f75f8a0?qlt=65&fmt=pjpeg&hei=350&wid=350,no
Old Spice High Endurance Anti-Perspirant Deodorant for Men - 3.3oz/2pk,Old Spice,$10.19,https://target.scene7.com/is/image/Target/GUEST_896ef77c-f3a4-402e-b8ae-3188a8ec0941?qlt=65&fmt=pjpeg&hei=350&wid=350,yes
Old Spice Red Collection Swagger Invisible Solid Antiperspirant & Deodorant for Men - 2.6oz,Old Spice,$15.29,https://target.scene7.com/is/image/Target/GUEST_601440cd-57f8-42f4-ba9d-cf6a7693c9a2?qlt=65&fmt=pjpeg&hei=350&wid=350,no
Gillette Clinical Soft Solid Ultimate Fresh Antiperspirant & Deodorant - 2.6oz,Gillette,$15.39,https://target.scene7.com/is/image/Target/GUEST_a0ad71bc-3221-4ce7-8be9-e766e779c791?qlt=65&fmt=pjpeg&hei=350&wid=350,no
Old Spice Red Collection Swagger Invisible Solid Antiperspirant & Deodorant for Men - 2.6oz,Old Spice,$15.29,https://target.scene7.com/is/image/Target/GUEST_601440cd-57f8-42f4-ba9d-cf6a7693c9a2?qlt=65&fmt=pjpeg&hei=350&wid=350,no
Mitchum Women's Triple Odor Defense Antiperspirant & Deodorant Stick - Pure Fresh - 2.7oz,Lady Mitchum,$5.89,https://target.scene7.com/is/image/Target/GUEST_dc746504-639a-415e-b2fb-41cb28505389?qlt=65&fmt=pjpeg&hei=350&wid=350,no
Dove Beauty Even Tone Rejuvenating Blossom 48-Hour Women's Antiperspirant & Deodorant Stick - 2.6oz,Dove Beauty,$6.99,https://target.scene7.com/is/image/Target/GUEST_ca47c61c-38cb-4f5f-b41d-72bb0a52396c?qlt=65&fmt=pjpeg&hei=350&wid=350,no
Old Spice Whole Body Deodorant for Men - Total Body Aluminum Free Spray - Vanilla & Shea - 3.5oz,Old Spice,$16.49,https://target.scene7.com/is/image/Target/GUEST_cca4e9d4-22cc-4be3-b31e-4d532c24a3f4?qlt=65&fmt=pjpeg&hei=350&wid=350,no
Saltair Pink Beach Serum Deodorant - 5% AHA - 1.7 fl oz,Saltair,$14.69,https://target.scene7.com/is/image/Target/GUEST_c28b105e-2d7e-48a0-ba33-e5bc1b800b6a?qlt=65&fmt=pjpeg&hei=350&wid=350,no
Old Spice Whole Body Deodorant for Men - Total Body Aluminum Free Spray - Lavender & Mint - 3.5oz,Old Spice,$16.49,https://target.scene7.com/is/image/Target/GUEST_5271ccf4-ec0f-44ea-a8b1-3fe851566f43?qlt=65&fmt=pjpeg&hei=350&wid=350,no
Gillette Antiperspirant Deodorant for Men - Clear Gel Power Rush 72 Hour Sweat Protection - 2pk/3.8oz each,Gillette,$12.49,https://target.scene7.com/is/image/Target/GUEST_a33116a7-e66a-47e9-abdf-ef4d2a568270?qlt=65&fmt=pjpeg&hei=350&wid=350,no
Gillette Antiperspirant Deodorant for Men Clinical Clear Gel - Cool Wave 72 Hour Sweat Protection - 2.6oz,Gillette,$15.39,https://target.scene7.com/is/image/Target/GUEST_aac94905-836d-4124-9eb3-9d7d67b2a6a0?qlt=65&fmt=pjpeg&hei=350&wid=350,no
Degree Shower Clean 48-Hour Antiperspirant & Deodorant - 2.6oz/2ct,Degree,$7.99,https://target.scene7.com/is/image/Target/GUEST_ee5a39c0-cb58-4497-b4a9-981c20d6f6db?qlt=65&fmt=pjpeg&hei=350&wid=350,no
Dove Beauty 0% Aluminum Sensitive Skin Women's Deodorant Stick - 2.6oz,Dove Beauty,$6.99,https://target.scene7.com/is/image/Target/GUEST_70899ca5-7122-48c0-be2c-38189d902679?qlt=65&fmt=pjpeg&hei=350&wid=350,no
Dove Beauty Advanced Care Clear Finish 72-Hour Women's Antiperspirant & Deodorant Dry Spray - 3.8oz,Dove Beauty,$8.99,https://target.scene7.com/is/image/Target/GUEST_415349b1-0751-401d-a1b4-e80711cee0f7?qlt=65&fmt=pjpeg&hei=350&wid=350,no
Dove Men+Care Deodorant Stick - Clean Comfort - 3oz,Dove Men+Care,$7.89 - $14.39,https://target.scene7.com/is/image/Target/GUEST_d3aebd7c-9b3c-481f-bcaa-58fe6fc24973?qlt=65&fmt=pjpeg&hei=350&wid=350,no
Tom's of Maine Clean Coast Deodorant - 3.25oz,Tom's of Maine,$10.19,https://target.scene7.com/is/image/Target/GUEST_054d0c9b-c142-481c-a36c-f9b3bccdc4a5?qlt=65&fmt=pjpeg&hei=350&wid=350,no
Secret Aluminum Free Deodorant for Women -Cherry Blossom - 2.4oz,Secret,$8.89,https://target.scene7.com/is/image/Target/GUEST_772f9be1-f055-40c6-a0c7-04da6520327f?qlt=65&fmt=pjpeg&hei=350&wid=350,no
Native Deodorant - Coconut & Vanilla - Aluminum Free - 2.65 oz,Native,$14.59,https://target.scene7.com/is/image/Target/GUEST_25dc8e7e-9122-4ab6-88fe-ba020553be3a?qlt=65&fmt=pjpeg&hei=350&wid=350,no
Dove Men+Care 72-Hour Antiperspirant & Deodorant Stick - Clean Comfort - 2.7oz,Dove Men+Care,$7.89,https://target.scene7.com/is/image/Target/GUEST_8340c352-e091-4e98-87ac-ce7ed7bfa7f7?qlt=65&fmt=pjpeg&hei=350&wid=350,no
Native Sensitive Deodorant - Coconut & Vanilla - No Baking Soda - 2.65 oz,Native,$14.59,https://target.scene7.com/is/image/Target/GUEST_2e29792a-ff9d-48d8-bf2d-e22dc54f65db?qlt=65&fmt=pjpeg&hei=350&wid=350,yes
Secret Aluminum Free Deodorant for Women - Lavender - 2.4oz,Secret,$8.89,https://target.scene7.com/is/image/Target/GUEST_252fe11a-0f38-4c35-ac0a-03b3fc27aa15?qlt=65&fmt=pjpeg&hei=350&wid=350,no
Native Deodorant - Jasmine & Cedar - Aluminum Free - 2.65 oz,Native,$14.59,https://target.scene7.com/is/image/Target/GUEST_06e0f95f-e166-488f-af2e-4dae8c4fb7c7?qlt=65&fmt=pjpeg&hei=350&wid=350,no
Dove Men+Care 72-Hour Stain Defense Stick Antiperspirant & Deodorant - Cool - 2.7oz,Dove Men+Care,$7.89,https://target.scene7.com/is/image/Target/GUEST_38f4bea1-bc2a-4013-8a19-3836f36bb667?qlt=65&fmt=pjpeg&hei=350&wid=350,no
Old Spice High Endurance Aluminum Free Deodorant for Men - 3.4oz/2pk,Old Spice,$10.19,https://target.scene7.com/is/image/Target/GUEST_08e6fb64-9e45-4589-95b7-0b479c183583?qlt=65&fmt=pjpeg&hei=350&wid=350,no
Axe Apollo All-Day Fresh Deodorant Body Spray - 5.1oz,Axe,$7.99,https://target.scene7.com/is/image/Target/GUEST_2960429a-75aa-414e-a6ab-e5ceee4c73c1?qlt=65&fmt=pjpeg&hei=350&wid=350,no
Secret Outlast Xtend Completely Clean Clear Gel Antiperspirant & Deodorant,Secret,$8.89 - $15.29,https://target.scene7.com/is/image/Target/GUEST_7f1c4ff1-d564-4fa1-8bb3-6b206f74eed0?qlt=65&fmt=pjpeg&hei=350&wid=350,no
Degree Advanced Motionsense White Flowers & Lychee 72 Hour Antiperspirant & Deodorant - 2.6oz,Degree,$6.39,https://target.scene7.com/is/image/Target/GUEST_41699427-5d8a-4c60-9838-f51a029c794a?qlt=65&fmt=pjpeg&hei=350&wid=350,no
Native Deodorant - Black Oak & Amber - Aluminum Free - 2.65 oz,Native,$14.59,https://target.scene7.com/is/image/Target/GUEST_4f659500-d943-4343-996b-89927887d255?qlt=65&fmt=pjpeg&hei=350&wid=350,no
Tom's of Maine Mountain Spring Deodorant - 3.25oz,Tom's of Maine,$10.19,https://target.scene7.com/is/image/Target/GUEST_ba98774b-a07c-491c-8ed8-77309f4e2e5b?qlt=65&fmt=pjpeg&hei=350&wid=350,no
Gillette Cool Wave Clear Gel Antiperspirant & Deodorant,Gillette,$6.79 - $12.49,https://target.scene7.com/is/image/Target/GUEST_20e903ce-194b-44e0-a74c-5df1ee2a582d?qlt=65&fmt=pjpeg&hei=350&wid=350,no
Old Spice Men's Wilderness with Lavender Antiperspirant & Deodorant - 2.6oz,Old Spice,$8.89,https://target.scene7.com/is/image/Target/GUEST_a5d61892-1ad8-4355-8481-8757c838bf23?qlt=65&fmt=pjpeg&hei=350&wid=350,no
Suave Powder Anti-Staining 48-Hour Antiperspirant & Deodorant Stick - 2.6oz/2pk,Suave,$4.79,https://target.scene7.com/is/image/Target/GUEST_698dd01f-83ec-4099-ad09-cd7be0421139?qlt=65&fmt=pjpeg&hei=350&wid=350,yes
Axe Blue Lavender 72-Hour Aluminum-Free Premium Body Spray - Mint + Amber - 4oz,Axe,$9.79,https://target.scene7.com/is/image/Target/GUEST_385907c7-f051-4244-971a-aa7fcbf8cd87?qlt=65&fmt=pjpeg&hei=350&wid=350,no
Dove Men+Care 0% Aluminum Deodorant Stick Sandalwood & Orange - 2.6oz,Dove Men+Care,$6.99,https://target.scene7.com/is/image/Target/GUEST_e4a40f76-e62a-487e-826b-59bc1c42be3f?qlt=65&fmt=pjpeg&hei=350&wid=350,no
Dove Men+Care 72-Hour Antiperspirant & Deodorant Dry Spray - Cool Fresh - 3.8oz,Dove Men+Care,$10.19,https://target.scene7.com/is/image/Target/GUEST_4e432ec0-b8c0-475b-84bd-be02b24251ff?qlt=65&fmt=pjpeg&hei=350&wid=350,no
Dove Beauty 0% Aluminum Lavender & Vanilla Women's Deodorant Stick - 2.6oz,Dove Beauty,$6.99,https://target.scene7.com/is/image/Target/GUEST_3cdb59ea-8d81-4a46-bfc3-0755e9ac88d5?qlt=65&fmt=pjpeg&hei=350&wid=350,no
Old Spice Wild Collection Bearglove Deodorant - 3oz,Old Spice,$8.89,https://target.scene7.com/is/image/Target/GUEST_125d273e-10b9-43ea-a784-1f68ff04ab18?qlt=65&fmt=pjpeg&hei=350&wid=350,no
Old Spice Whole Body Deodorant for Men - Total Body Aluminum Free Deodorant Cream - Vanilla & Shea - 3oz,Old Spice,$16.49,https://target.scene7.com/is/image/Target/GUEST_c78082b9-5bb1-4849-b59c-c0ce69c931ff?qlt=65&fmt=pjpeg&hei=350&wid=350,no
Every Man Jack Cedarwood Men's Antiperspirant Deodorant - 2.6oz,Every Man Jack,$8.29,https://target.scene7.com/is/image/Target/GUEST_bcc0f274-3e9f-443f-b9e9-1f1efeb06342?qlt=65&fmt=pjpeg&hei=350&wid=350,no
Dove Beauty Relaxing Body Wash Pump - Lavender & Chamomile - 30.6 fl oz,Dove Beauty,$11.19,https://target.scene7.com/is/image/Target/GUEST_0040486c-b6c3-4a18-bc92-0c40fa47863b?qlt=65&fmt=pjpeg&hei=350&wid=350,no
Lume Whole Body Women's Deodorant - Invisible Cream Tube - Aluminum Free - Soft Powder Scent - 2.2oz,Lume,$16.79,https://target.scene7.com/is/image/Target/GUEST_a0e91678-a272-40c8-86c3-98f0c7c27b21?qlt=65&fmt=pjpeg&hei=350&wid=350,no
Secret Aluminum Free Deodorant for Women - Coconut - 2.4oz,Secret,$8.89,https://target.scene7.com/is/image/Target/GUEST_d88e9657-6780-4f0e-9374-94cfb78afcfa?qlt=65&fmt=pjpeg&hei=350&wid=350,no
Dove Men+Care 0% Aluminum Deodorant Eucalyptus & Birch - 2.6oz,Dove Men+Care,$6.99,https://target.scene7.com/is/image/Target/GUEST_9cdfab01-191e-498c-88fb-042315f20b9b?qlt=65&fmt=pjpeg&hei=350&wid=350,no
Secret Fresh Antiperspirant & Deodorant Clear Gel Chill Ocean - 2.6oz,Secret,$7.69,https://target.scene7.com/is/image/Target/GUEST_0a137d7f-f548-44aa-b144-bc294bc57b42?qlt=65&fmt=pjpeg&hei=350&wid=350,no
Suave Sweet Pea & Violet 48-Hour Antiperspirant & Deodorant Stick,Suave,$1.69,https://target.scene7.com/is/image/Target/GUEST_22f4887d-7884-426a-a679-600d8accb443?qlt=65&fmt=pjpeg&hei=350&wid=350,yes
Right Guard Xtreme Defense Invisible Solid Antiperspirant & Deodorant - Fresh Blast Scent - 2.6oz/2pk,Right Guard,$10.99,https://target.scene7.com/is/image/Target/GUEST_25de76b7-6caa-44fe-8fe9-9e853efd75b0?qlt=65&fmt=pjpeg&hei=350&wid=350,no
Dove Beauty Advanced Care Sheer Cool 72-Hour Women's Antiperspirant & Deodorant - 2.6oz,Dove Beauty,$7.89,https://target.scene7.com/is/image/Target/GUEST_f23656da-7ed1-4ba8-87c5-e04f29beb626?qlt=65&fmt=pjpeg&hei=350&wid=350,no
Old Spice Red Collection Captain Deodorant - 3oz,Old Spice,$8.89,https://target.scene7.com/is/image/Target/GUEST_40727426-2447-4464-8d6e-c9f9bf632d3f?qlt=65&fmt=pjpeg&hei=350&wid=350,no
Harry's Redwood Extra-Strength Antiperspirant Stick for Men - 2.5oz,Harry's,$6.99,https://target.scene7.com/is/image/Target/GUEST_6863120f-8f12-4c72-bc0d-5329e66a7dcd?qlt=65&fmt=pjpeg&hei=350&wid=350,no
"Mitchum Antiperspirant Deodorant Stick for Women, Triple Odor Defense Gel, 48 Hr Protection - Shower Fresh - 3.4oz/2pk",Lady Mitchum,$7.99,https://target.scene7.com/is/image/Target/GUEST_09a4a2e1-08d7-4fc4-97c9-83da4aadd7e0?qlt=65&fmt=pjpeg&hei=350&wid=350,no
Dove Men+Care 72-Hour Antiperspirant & Deodorant Stick - Extra Fresh - 2.7oz,Dove Men+Care,$7.89,https://target.scene7.com/is/image/Target/GUEST_9a5e37e9-03dd-4bb1-af69-4bd64ec58155?qlt=65&fmt=pjpeg&hei=350&wid=350,no
Secret Clinical Strength Invisible Solid Antiperspirant and Deodorant for Women - Free & Sensitive - 1.6oz,Secret,$11.29,https://target.scene7.com/is/image/Target/GUEST_fd44c33c-20bb-45a0-a036-80b0fec00eee?qlt=65&fmt=pjpeg&hei=350&wid=350,no
Secret Dry Spray Antiperspirant Deodorant - Waterlily and Argan Oil - 4.1oz,Secret,$9.29,https://target.scene7.com/is/image/Target/GUEST_7f08780f-fce9-44e1-83cd-57b419ae13a1?qlt=65&fmt=pjpeg&hei=350&wid=350,no
Dove Beauty Advanced Care Sensitive 72-Hour Women's Antiperspirant & Deodorant Stick - 2.6oz,Dove Beauty,$7.89,https://target.scene7.com/is/image/Target/GUEST_a860c3ab-9eaf-43b0-9498-9f204eea6726?qlt=65&fmt=pjpeg&hei=350&wid=350,no
Secret Invisible Solid Antiperspirant and Deodorant - Lavender Scent 2.6oz,Secret,$7.69,https://target.scene7.com/is/image/Target/GUEST_9e5d9804-70ab-4c1f-b86a-aec96f86d1a8?qlt=65&fmt=pjpeg&hei=350&wid=350,no
Degree Ultraclear Black + White 72 Hour Antiperspirant & Deodorant Spray - Fresh Scent,Degree,$13.29 - $19.99,https://target.scene7.com/is/image/Target/GUEST_e1cfa0ad-fc23-47c0-a101-612892ce6a5b?qlt=65&fmt=pjpeg&hei=350&wid=350,no
Gillette Clinical Soft Solid Ultimate Fresh Antiperspirant & Deodorant - 2.6oz,Gillette,$15.39,https://target.scene7.com/is/image/Target/GUEST_a0ad71bc-3221-4ce7-8be9-e766e779c791?qlt=65&fmt=pjpeg&hei=350&wid=350,no
Dove Men+Care 72-Hour Stick Deodorant - Extra Fresh - 3oz,Dove Men+Care,$7.89,https://target.scene7.com/is/image/Target/GUEST_df329078-37c5-4862-865d-88ea1083ef92?qlt=65&fmt=pjpeg&hei=350&wid=350,no
Dove Beauty 0% Aluminum Pomegranate & Lemon Verbena Women's Deodorant Stick - 2.6oz,Dove Beauty,$6.99,https://target.scene7.com/is/image/Target/GUEST_5c23ae2a-dc78-49cc-be00-2e30a30f0157?qlt=65&fmt=pjpeg&hei=350&wid=350,no
Secret Whole Body Aluminum Free Deodorant Spray - Lilac & Waterlily - 3.5oz,Secret,$14.59,https://target.scene7.com/is/image/Target/GUEST_963194c3-ba5c-4556-8964-5ab357c7f49b?qlt=65&fmt=pjpeg&hei=350&wid=350,yes
Mando Whole Body Deodorant - Men's Aluminum-Free Smooth Solid Stick Deodorant - Mt Fuji - 2.6oz,Mando,$16.79,https://target.scene7.com/is/image/Target/GUEST_eee6c100-511a-4ffb-8fd7-28df0b561517?qlt=65&fmt=pjpeg&hei=350&wid=350,no
Dove Men+Care Aloe & Bamboo Whole Body Deodorant Spray - Aluminum Free - 4oz,Dove Men+Care,$14.69,https://target.scene7.com/is/image/Target/GUEST_b45adf0f-bd66-4ed1-b423-3f2ebd87a968?qlt=65&fmt=pjpeg&hei=350&wid=350,no
Dove Men+Care 72-Hour Stick Deodorant - Extra Fresh - 3oz,Dove Men+Care,$7.89,https://target.scene7.com/is/image/Target/GUEST_df329078-37c5-4862-865d-88ea1083ef92?qlt=65&fmt=pjpeg&hei=350&wid=350,no
Dove Beauty 0% Aluminum Pomegranate & Lemon Verbena Women's Deodorant Stick - 2.6oz,Dove Beauty,$6.99,https://target.scene7.com/is/image/Target/GUEST_5c23ae2a-dc78-49cc-be00-2e30a30f0157?qlt=65&fmt=pjpeg&hei=350&wid=350,no
Secret Whole Body Aluminum Free Deodorant Spray - Lilac & Waterlily - 3.5oz,Secret,$14.59,https://target.scene7.com/is/image/Target/GUEST_963194c3-ba5c-4556-8964-5ab357c7f49b?qlt=65&fmt=pjpeg&hei=350&wid=350,yes
Old Spice Deodorant Fresher Collection Timber with Sandalwood  - 3oz,Old Spice,$8.89,https://target.scene7.com/is/image/Target/GUEST_c05e3554-c45c-468b-9ad8-96f02f21cf70?qlt=65&fmt=pjpeg&hei=350&wid=350,no
Megababe The Smoothie Deo Fruit Enzyme Daily Deodorant - 2.6oz,Megababe,$13.99,https://target.scene7.com/is/image/Target/GUEST_8c314f7f-e703-44b9-b95e-968c65e01822?qlt=65&fmt=pjpeg&hei=350&wid=350,no
Irish Spring Bar Soap - Moisture Blast 3.7oz/12pk,Irish Spring,$10.19,https://target.scene7.com/is/image/Target/GUEST_d58e4eee-a435-46b0-a02d-e9249f65d58b?qlt=65&fmt=pjpeg&hei=350&wid=350,no
Mando Whole Body Deodorant - Men's Aluminum-Free Smooth Solid Stick Deodorant - Clover Woods - 2.6oz,Mando,$16.79,https://target.scene7.com/is/image/Target/GUEST_312e4931-6773-4087-b1c6-246124420c57?qlt=65&fmt=pjpeg&hei=350&wid=350,no
Lume Whole Body Women's Deodorant - Invisible Cream Tube - Aluminum Free - Clean Tangerine Scent - 2.2oz,Lume,$14.99,https://target.scene7.com/is/image/Target/GUEST_efa96e23-4c13-4890-bf1e-e61a189d1612?qlt=65&fmt=pjpeg&hei=350&wid=350,yes
Old Spice Deodorant Aqua Reef Twin Pack - 3oz/2pk,Old Spice,$15.29,https://target.scene7.com/is/image/Target/GUEST_b8de7361-1f07-4640-b4fc-f533465f4215?qlt=65&fmt=pjpeg&hei=350&wid=350,no
Harry's Stone Extra-Strength Antiperspirant Stick for Men - 2.5oz,Harry's,$6.99,https://target.scene7.com/is/image/Target/GUEST_63c633f3-8b55-4fe1-867c-51a9f4650000?qlt=65&fmt=pjpeg&hei=350&wid=350,no
Old Spice Men's Deodorant Aluminum-Free Wilderness with Lavender - 3oz,Old Spice,$8.89,https://target.scene7.com/is/image/Target/GUEST_5733d10e-0693-4382-bce7-bdab5d89b532?qlt=65&fmt=pjpeg&hei=350&wid=350,no
Native Deodorant & Body Spray - Sea Salt & Cedar - Aluminum Free - 3.5 oz,Native,$14.99,https://target.scene7.com/is/image/Target/GUEST_d4885bbf-9b19-47f0-86b8-814f98bd592c?qlt=65&fmt=pjpeg&hei=350&wid=350,no
Megababe The Smoothie Deo Fruit Enzyme Daily Deodorant - 2.6oz,Megababe,$12.99,https://target.scene7.com/is/image/Target/GUEST_8c314f7f-e703-44b9-b95e-968c65e01822?qlt=65&fmt=pjpeg&hei=350&wid=350,no
Megababe Rosy Pits Daily Deodorant - 2.6oz,Megababe,$13.99,https://target.scene7.com/is/image/Target/GUEST_e6d0ff20-a0b1-47ec-8b01-191763acc0b4?qlt=65&fmt=pjpeg&hei=350&wid=350,yes
Dove Men+Care 72Hr Clean Comfort Travel Antiperspirant & Deodorant Dry Spray Trial Size - 1oz,Dove Men+Care,$2.99,https://target.scene7.com/is/image/Target/GUEST_8d429c49-9026-45cc-bab1-ae72d27b1e56?qlt=65&fmt=pjpeg&hei=350&wid=350,no
Native Limited Edition Deodorant - Toasted Vanilla & Honey - Aluminum Free - 2.65oz,Native,$14.59,https://target.scene7.com/is/image/Target/GUEST_5fa4da0a-4dfd-4274-86b7-4ba1594a0243?qlt=65&fmt=pjpeg&hei=350&wid=350,no
Old Spice Hardest Working Collection Sweat Defense Stronger Swagger Antiperspirant & Deodorant - 2.6oz,Old Spice,$8.89,https://target.scene7.com/is/image/Target/GUEST_a65a7e86-70cc-4040-82db-923410fcb15a?qlt=65&fmt=pjpeg&hei=350&wid=350,no
Degree Advanced Montionsense Shower Clean 72-Hour Antiperspirant & Deodorant - 2.6oz/2pk,Degree,$9.49,https://target.scene7.com/is/image/Target/GUEST_2a4901ef-2e47-4697-934f-8cdf25fe2344?qlt=65&fmt=pjpeg&hei=350&wid=350,no
Native Deodorant & Body Spray - Lilac & White Tea - Aluminum Free - 3.5 oz,Native,$14.99,https://target.scene7.com/is/image/Target/GUEST_a7af39df-28d4-455e-9ec3-29f2ee90d65c?qlt=65&fmt=pjpeg&hei=350&wid=350,no
Native Deodorant - Cashmere & Rain - Aluminum Free - 2.65 oz,Native,$12.99,https://target.scene7.com/is/image/Target/GUEST_aa918756-ec9f-4b37-a01e-5088b60ae5ff?qlt=65&fmt=pjpeg&hei=350&wid=350,no
Old Spice Men's Volcano with Charcoal Antiperspirant & Deodorant - 2.6oz,Old Spice,$8.89,https://target.scene7.com/is/image/Target/GUEST_709063be-c1ab-4d27-b24d-6c196e7cc3d4?qlt=65&fmt=pjpeg&hei=350&wid=350,yes
Secret Clinical Strength Invisible Solid Antiperspirant and Deodorant for Women - 2.6oz,Secret,$14.59,https://target.scene7.com/is/image/Target/GUEST_e2f71e83-c4f4-4d19-978b-30e0cf94ffb2?qlt=65&fmt=pjpeg&hei=350&wid=350,no
Lume Whole Body Women's Deodorant - Invisible Cream Tube - Aluminum Free - Lavender Sage Scent - 2.2oz,Lume,$14.99,https://target.scene7.com/is/image/Target/GUEST_dee768ed-60d3-46c1-bdc7-d62feef8147b?qlt=65&fmt=pjpeg&hei=350&wid=350,yes
Dove Beauty Advanced Care Lavender Fresh 72-Hour Women's Antiperspirant & Deodorant Dry Spray â€“ 3.8oz,Dove Beauty,$7.99,https://target.scene7.com/is/image/Target/GUEST_a5cde4b5-70d0-45ea-b4f2-acc7bc05f91b?qlt=65&fmt=pjpeg&hei=350&wid=350,no
Native Deodorant & Body Spray - Sweet Peach & Nectar - Aluminum Free - 3.5 oz,Native,$15.99,https://target.scene7.com/is/image/Target/GUEST_491d9244-945e-4af3-b230-2bb8824597ee?qlt=65&fmt=pjpeg&hei=350&wid=350,yes
Lume Whole Body Women's Deodorant - Invisible Cream Tube - Aluminum Free - Toasted Coconut Scent - 2.2oz,Lume,$14.99,https://target.scene7.com/is/image/Target/GUEST_259cf81b-39bd-4e42-a993-a1c675cb3a40?qlt=65&fmt=pjpeg&hei=350&wid=350,yes
Lume Whole Body Women's Deodorant Invisible Cream Tube - Unscented,Lume,$14.99 - $28.49,https://target.scene7.com/is/image/Target/GUEST_a10bb41a-f7f8-4d84-b594-7178e9c9b7b6?qlt=65&fmt=pjpeg&hei=350&wid=350,no
Secret Whole Body Aluminum Free Deodorant Spray - Peach & Vanilla - 3.5oz,Secret,$14.59,https://target.scene7.com/is/image/Target/GUEST_4a1dfa0e-47db-4123-b1eb-c61cda63e9fd?qlt=65&fmt=pjpeg&hei=350&wid=350,no
Mando Whole Body Deodorant - Men's Aluminum-Free Smooth Solid Stick Deodorant - Bourbon Leather - 2.6oz,Mando,$16.79,https://target.scene7.com/is/image/Target/GUEST_19c8b367-1654-4b81-9e0d-a96d579b0e24?qlt=65&fmt=pjpeg&hei=350&wid=350,no
Secret Whole Body Stick Aluminum Free Deodorant for Women - Peach & Vanilla - 2.4oz,Secret,$14.59,https://target.scene7.com/is/image/Target/GUEST_ccac0165-d68f-4d62-ab55-8db4b639c56b?qlt=65&fmt=pjpeg&hei=350&wid=350,no
Every Man Jack Sandalwood Men's Deodorant - Aluminum Free Natural Deodorant - 3oz,Every Man Jack,$8.29,https://target.scene7.com/is/image/Target/GUEST_79df2de2-a20d-4d41-a7c7-6639de24d155?qlt=65&fmt=pjpeg&hei=350&wid=350,no
Ban Invisible Roll-On Antiperspirant Deodorant Powder Fresh with Odor-Fighting Ingredients - 3.5 fl oz,Ban,$6.39,https://target.scene7.com/is/image/Target/GUEST_27aad5cc-3370-465f-ac7c-b4f5c4a5bd2e?qlt=65&fmt=pjpeg&hei=350&wid=350,no
Old Spice Fiji Antiperspirant Deodorant for Men - Trial Size - Lavender/Coconut Scent - 0.5oz,Old Spice,$1.99,https://target.scene7.com/is/image/Target/GUEST_fe12c403-8535-4d0d-a263-acb8173a3831?qlt=65&fmt=pjpeg&hei=350&wid=350,no
Megababe Sunny Pits Daily Deodorant - 2.6oz,Megababe,$13.99,https://target.scene7.com/is/image/Target/GUEST_c3d19d0e-f844-41e4-a273-aa091afbc6d8?qlt=65&fmt=pjpeg&hei=350&wid=350,no
Mando Whole Body Deodorant - Men's Aluminum-Free Invisible Cream Deodorant  - Mt Fuji - 2.2oz,Mando,$16.79,https://target.scene7.com/is/image/Target/GUEST_8e171aa3-d00f-4f3d-b9cd-e11ba2be6f99?qlt=65&fmt=pjpeg&hei=350&wid=350,no
Mando Whole Body Deodorant - Men's Aluminum-Free Invisible Cream Deodorant - Clover Woods - 2.2oz,Mando,$16.79,https://target.scene7.com/is/image/Target/GUEST_efe34f6a-ac48-4e0e-af88-3549552513ee?qlt=65&fmt=pjpeg&hei=350&wid=350,no
"Right Guard Sport Antiperspirant & Deodorant Spray, Fresh Scent -  6oz",Right Guard,$6.79,https://target.scene7.com/is/image/Target/GUEST_fbf6c429-06e7-42c1-b9fb-5e0e175e9076?qlt=65&fmt=pjpeg&hei=350&wid=350,no
Old Spice Whole Body Deodorant for Men - Total Body Aluminum Free Deodorant - Vanilla & Shea - 3oz,Old Spice,$16.49,https://target.scene7.com/is/image/Target/GUEST_c49dd484-0f51-44ab-8a75-e7ad41d6bffd?qlt=65&fmt=pjpeg&hei=350&wid=350,no
Secret Fresh Clear Gel Antiperspirant and Deodorant for Women - Coconut Scent 2.6oz,Secret,$7.69,https://target.scene7.com/is/image/Target/GUEST_c0947a54-291a-4b09-92bc-d8630e71d0d6?qlt=65&fmt=pjpeg&hei=350&wid=350,no
SheaMoisture Even Tone Antiperspirant Deodorant Stick with Vitamin C & Niacinamide - 2.6oz,SheaMoisture,$12.19,https://target.scene7.com/is/image/Target/GUEST_2fefe85e-4bfb-465b-897d-958ec4b10551?qlt=65&fmt=pjpeg&hei=350&wid=350,yes
Old Spice Men's Deodorant Aluminum-Free Fiji with Palm Tree Deodorant - Scented - 3oz/2pk,Old Spice,$15.29,https://target.scene7.com/is/image/Target/GUEST_bcb70489-f1fe-4a51-a883-50696e19e56a?qlt=65&fmt=pjpeg&hei=350&wid=350,no
Lume Whole Body Women's Deodorant - Invisible Cream Stick - Aluminum Free - Peony Rose Scent - 2.2oz,Lume,$16.79,https://target.scene7.com/is/image/Target/GUEST_a4720a56-481f-414d-a34e-3582290dbac0?qlt=65&fmt=pjpeg&hei=350&wid=350,no
Ban Invisible Roll-On Antiperspirant Deodorant Unscented with Odor-Fighting Ingredients - 3.5oz,Ban,$6.39,https://target.scene7.com/is/image/Target/GUEST_8cbd4724-d294-4105-adeb-4772f4ba78b1?qlt=65&fmt=pjpeg&hei=350&wid=350,no
Native Whole Body Deodorant Spray - Coconut & Vanilla - Aluminum Free - 3.5oz,Native,$15.99,https://target.scene7.com/is/image/Target/GUEST_4b27074b-ec95-4457-ab80-f88c2db14f87?qlt=65&fmt=pjpeg&hei=350&wid=350,no
Dove Men+Care 72-Hour Clean Comfort Dry Spray Antiperspirant Deodorant - 3.8oz/2ct,Dove Men+Care,$17.69,https://target.scene7.com/is/image/Target/GUEST_dc8c028a-80a0-4180-b9c9-856b34138382?qlt=65&fmt=pjpeg&hei=350&wid=350,no
Old Spice Classic Original Scent Deodorant for Men - 3.25oz/2pk,Old Spice,$7.69,https://target.scene7.com/is/image/Target/GUEST_68870ae5-b7e0-4d81-82ab-3026307e9163?qlt=65&fmt=pjpeg&hei=350&wid=350,no
Old Spice Aluminum Free Wolfthorn Scent Deodorant for Men 48 hr. Protection - 3oz,Old Spice,$8.89,https://target.scene7.com/is/image/Target/GUEST_49826798-db67-4766-b0a6-ee64b297609f?qlt=65&fmt=pjpeg&hei=350&wid=350,no
Native Deodorant & Body Spray - Sandalwood & Shea Butter - Aluminum Free - 3.5oz,Native,$16.99,https://target.scene7.com/is/image/Target/GUEST_acbd3a47-c64d-4408-81d8-d742fec8c306?qlt=65&fmt=pjpeg&hei=350&wid=350,no
Native Limited Edition Deodorant - Honeycrisp & Cider - Aluminum Free - 2.65oz,Native,$12.99,https://target.scene7.com/is/image/Target/GUEST_e19d4aae-2150-47c2-ba40-4f1326fbb062?qlt=65&fmt=pjpeg&hei=350&wid=350,yes
Secret Clinical Strength Stress Response Soft Solid Antiperspirant & Deodorant for Women - 1.6oz,Secret,$11.29,https://target.scene7.com/is/image/Target/GUEST_befac481-fb5b-49c9-9a74-d0f84e6f26e5?qlt=65&fmt=pjpeg&hei=350&wid=350,no
Native Limited Edition Deodorant - Apple Butter & Strudel - Aluminum Free - 2.65oz,Native,$12.99,https://target.scene7.com/is/image/Target/GUEST_a02a94e1-652b-4776-ae1e-e3980021c230?qlt=65&fmt=pjpeg&hei=350&wid=350,yes
Mando Whole Body Deodorant - Men's Aluminum-Free Smooth Solid Stick Deodorant - Pro Sport - 2.6oz,Mando,$16.79,https://target.scene7.com/is/image/Target/GUEST_05f73633-ed07-4017-a8ba-f633af5f2964?qlt=65&fmt=pjpeg&hei=350&wid=350,no
Lume Whole Body Women's Deodorant - Invisible Cream Stick - Aluminum Free - Clean Tangerine Scent - 2.2oz,Lume,$16.79,https://target.scene7.com/is/image/Target/GUEST_9a32b278-6857-4044-9be8-80dcf4515ba3?qlt=65&fmt=pjpeg&hei=350&wid=350,yes
Dove Beauty Coconut & Vanilla Whole Body Deodorant Cream - Aluminum Free - 2.5 fl oz,Dove Beauty,$14.69,https://target.scene7.com/is/image/Target/GUEST_23653a13-4ac0-4434-b4cb-a07f2b38d688?qlt=65&fmt=pjpeg&hei=350&wid=350,no
Dove Beauty Advanced Care Caring Coconut 48-Hour Women's Antiperspirant & Deodorant,Dove Beauty,$14.39,https://target.scene7.com/is/image/Target/GUEST_e2f1a102-f837-4523-b08c-a1eb5cc7922d?qlt=65&fmt=pjpeg&hei=350&wid=350,yes
Dove Beauty Advanced Care Shea Butter 72-Hour Antiperspirant & Deodorant Stick - 2.6oz,Dove Beauty,$7.89,https://target.scene7.com/is/image/Target/GUEST_f7b55689-2eed-4a85-b7de-ab20baa9a6d1?qlt=65&fmt=pjpeg&hei=350&wid=350,no
Mando Whole Body Deodorant - Men's Aluminum-Free Invisible Cream Deodorant - Bourbon Leather - 2.2oz,Mando,$16.79,https://target.scene7.com/is/image/Target/GUEST_4e87f8a6-6beb-4540-bbaf-48f97fe9eb49?qlt=65&fmt=pjpeg&hei=350&wid=350,yes
"Duradry Body Deodorant Spray - Aluminum Free, Prevent Body Odor Naturally",Duradry,$14.99,https://target.scene7.com/is/image/Target/GUEST_cea6e9cb-4ea2-4a21-8c36-d6caa2b73f23?qlt=65&fmt=pjpeg&hei=350&wid=350,yes
Dove Beauty Advanced Care Shea Butter 72-Hour Antiperspirant & Deodorant Stick - 2.6oz,Dove Beauty,$7.89,https://target.scene7.com/is/image/Target/GUEST_f7b55689-2eed-4a85-b7de-ab20baa9a6d1?qlt=65&fmt=pjpeg&hei=350&wid=350,no
Old Spice Men's Deodorant Aluminum Free Lavender & Mint - 3oz,Old Spice,$10.19,https://target.scene7.com/is/image/Target/GUEST_e095ca8a-c323-4e8a-9baa-0eab1a6b2c60?qlt=65&fmt=pjpeg&hei=350&wid=350,no
Lume Whole Body Women's Deodorant - Invisible Cream Stick - Aluminum Free - Lavender Sage Scent - 2.2oz,Lume,$16.79,https://target.scene7.com/is/image/Target/GUEST_e9b2575b-03a6-4550-ac08-3de5dc494ad7?qlt=65&fmt=pjpeg&hei=350&wid=350,yes
Every Man Jack Cedarwood Men's Deodorant - Aluminum Free Natural Deodorant - 3oz,Every Man Jack,$8.29,https://target.scene7.com/is/image/Target/GUEST_33e666ef-4b5f-4a40-9485-ee2f72798b9a?qlt=65&fmt=pjpeg&hei=350&wid=350,no
Mando Whole Body Deodorant - Men's Aluminum-Free Invisible Cream Deodorant - Pro Sport - 2.2oz,Mando,$16.79,https://target.scene7.com/is/image/Target/GUEST_2126923e-0968-4e79-9dc5-6dd6bc7eb49f?qlt=65&fmt=pjpeg&hei=350&wid=350,no
Secret Whole Body Aluminum Free Deodorant Spray - Lilac & Waterlily - 3.5oz,Secret,$14.59,https://target.scene7.com/is/image/Target/GUEST_963194c3-ba5c-4556-8964-5ab357c7f49b?qlt=65&fmt=pjpeg&hei=350&wid=350,yes
Native Whole Body Deodorant Spray - Coconut & Vanilla - Aluminum Free - 3.5oz,Native,$15.99,https://target.scene7.com/is/image/Target/GUEST_4b27074b-ec95-4457-ab80-f88c2db14f87?qlt=65&fmt=pjpeg&hei=350&wid=350,no
Native Deodorant - Palm Leaf & Agave - Aluminum Free - 2.65 oz,Native,$14.59,https://target.scene7.com/is/image/Target/GUEST_ac63dc9e-9fbd-4f00-b657-0084e59d3382?qlt=65&fmt=pjpeg&hei=350&wid=350,no
Dove Beauty VitaminCare+ Aluminum Free Deodorant Stick with Niacinamide - Coconut & Shea - 2.6oz,Dove Beauty,$14.69,https://target.scene7.com/is/image/Target/GUEST_d9a32b79-fd20-4626-af87-dd5f7942df2b?qlt=65&fmt=pjpeg&hei=350&wid=350,no
Dove Beauty Caring Coconut Dry Spray Antiperspirant Deodorant - 3.8oz/2ct,Dove Beauty,$18.69,https://target.scene7.com/is/image/Target/GUEST_1d0786ae-160e-407b-9faf-e8dca4f36f43?qlt=65&fmt=pjpeg&hei=350&wid=350,no
Schmidt's Charcoal + Magnesium Aluminum-Free Natural Deodorant Stick - 2.65oz,Schmidt's,$11.79,https://target.scene7.com/is/image/Target/GUEST_252ba69b-df1f-4aab-ad62-49c36e80f154?qlt=65&fmt=pjpeg&hei=350&wid=350,no
Saltair Santal Bloom Skincare Deodorant - 1.76oz,Saltair,$12.19,https://target.scene7.com/is/image/Target/GUEST_7bb84d47-b991-4d32-b6e5-294162c34410?qlt=65&fmt=pjpeg&hei=350&wid=350,yes
Old Spice Men's Antiperspirant & Deodorant Invisible Dry Spray - Fiji Scent - Fresher Collection - 4.3oz,Old Spice,$8.99,https://target.scene7.com/is/image/Target/GUEST_12a9c1e0-264f-414d-9695-01f2446c23ed?qlt=65&fmt=pjpeg&hei=350&wid=350,no
Lume Whole Body Women's Deodorant - Invisible Cream Tube - Aluminum Free - Peony Rose Scent - 2.2oz,Lume,$14.99,https://target.scene7.com/is/image/Target/GUEST_d3014dbb-2584-4a50-a64c-74368a9c3500?qlt=65&fmt=pjpeg&hei=350&wid=350,yes
Gillette Antiperspirant Deodorant for Men Clinical Clear Gel - Cool Wave 72 Hour Sweat Protection - 2.6oz,Gillette,$15.39,https://target.scene7.com/is/image/Target/GUEST_aac94905-836d-4124-9eb3-9d7d67b2a6a0?qlt=65&fmt=pjpeg&hei=350&wid=350,no
Gillette Antiperspirant Deodorant for Men - Clear Gel Power Rush 72 Hour Sweat Protection - 2pk/3.8oz each,Gillette,$12.49,https://target.scene7.com/is/image/Target/GUEST_a33116a7-e66a-47e9-abdf-ef4d2a568270?qlt=65&fmt=pjpeg&hei=350&wid=350,no
Secret Outlast Dry Spray Antiperspirant Deodorant for Women - Completely Clean - 4.1oz,Secret,$8.89,https://target.scene7.com/is/image/Target/GUEST_52b7e929-7a4d-4241-b52e-18e3f4df0ee1?qlt=65&fmt=pjpeg&hei=350&wid=350,no
Dove Beauty VitaminCare+ Aluminum Free Deodorant Stick with Niacinamide - Raspberry & Rose - 2.6oz,Dove Beauty,$14.69,https://target.scene7.com/is/image/Target/GUEST_0aa3008f-aa79-4014-af9c-6072d5adaaad?qlt=65&fmt=pjpeg&hei=350&wid=350,no
Old Spice High Endurance Anti-Perspirant Deodorant for Men - Fresh Scent - 3.3oz,Old Spice,$5.79,https://target.scene7.com/is/image/Target/GUEST_41982b63-513a-468b-9cdb-bdb8498e3b2e?qlt=65&fmt=pjpeg&hei=350&wid=350,no
Native Plastic Free Deodorant - Coconut & Vanilla - Aluminum Free - 2.65 oz,Native,$15.39,https://target.scene7.com/is/image/Target/GUEST_f4c0f215-5d12-418b-b105-60f2080aceff?qlt=65&fmt=pjpeg&hei=350&wid=350,no
Dove Men+Care Soothing Sandalwood + Orange Plant Based Antiperspirant & Deodorant Dry Spray - 3.8oz,Dove Men+Care,$10.19,https://target.scene7.com/is/image/Target/GUEST_9242c15e-f25c-4882-a84b-3a2a58bbf1f6?qlt=65&fmt=pjpeg&hei=350&wid=350,no
Old Spice Invisible Solid Antiperspirant Deodorant for Men - Deep Sea - Sea Mineral Scent - 2.6oz/2pk,Old Spice,$15.29,https://target.scene7.com/is/image/Target/GUEST_4bcf396b-0a33-47c2-9dc1-bbfbd6898b2f?qlt=65&fmt=pjpeg&hei=350&wid=350,no
Secret Fresh Clear Gel Deodorant for Women - Summer Berry - 2.6oz/2pk,Secret,$13.99,https://target.scene7.com/is/image/Target/GUEST_31310ac6-b189-4e1b-8414-0e0a4726fe86?qlt=65&fmt=pjpeg&hei=350&wid=350,no
Old Spice Men's Gentleman's Blend Himalayan Sea Salt Deodorant - Sea Minerals Scent - 3oz,Old Spice,$10.19,https://target.scene7.com/is/image/Target/GUEST_3a94285d-7c42-41be-afa8-1209a4a8ff04?qlt=65&fmt=pjpeg&hei=350&wid=350,no
Native Deodorant - Eucalyptus & Mint - Aluminum Free - Trial Size 0.35 oz,Native,$2.99,https://target.scene7.com/is/image/Target/GUEST_8f36c5f4-f19b-41e9-a175-b13a21f402e1?qlt=65&fmt=pjpeg&hei=350&wid=350,no
SheaMoisture Moisturizing Antiperspirant Deodorant Stick with Raw Shea Butter & Hyaluronic Acid - 2.6oz,SheaMoisture,$12.19,https://target.scene7.com/is/image/Target/GUEST_b2d2e804-aed8-4567-a835-b7a242e638fc?qlt=65&fmt=pjpeg&hei=350&wid=350,yes
Old Spice Aluminum Free Deodorant - Alpine with Hemp Seed Oil - Inspired by Nature - 3oz,Old Spice,$8.89,https://target.scene7.com/is/image/Target/GUEST_b4360a5b-36c7-4c52-87c8-7ce8b7430060?qlt=65&fmt=pjpeg&hei=350&wid=350,no
Native Whole Body Deodorant Stick - Coconut & Vanilla - Aluminum Free - 2.3oz,Native,$14.59,https://target.scene7.com/is/image/Target/GUEST_e1d47e68-0ba9-4a08-83d1-1d03ed304a59?qlt=65&fmt=pjpeg&hei=350&wid=350,no
Old Spice Whole Body Deodorant for Men - Total Body Aluminum Free Spray - Vanilla & Shea - 3.5oz,Old Spice,$16.49,https://target.scene7.com/is/image/Target/GUEST_cca4e9d4-22cc-4be3-b31e-4d532c24a3f4?qlt=65&fmt=pjpeg&hei=350&wid=350,no
SheaMoisture Moisturizing Antiperspirant Deodorant Stick with Raw Shea Butter & Hyaluronic Acid - 2.6oz,SheaMoisture,$12.19,https://target.scene7.com/is/image/Target/GUEST_b2d2e804-aed8-4567-a835-b7a242e638fc?qlt=65&fmt=pjpeg&hei=350&wid=350,yes
Old Spice Aluminum Free Deodorant - Alpine with Hemp Seed Oil - Inspired by Nature - 3oz,Old Spice,$8.89,https://target.scene7.com/is/image/Target/GUEST_b4360a5b-36c7-4c52-87c8-7ce8b7430060?qlt=65&fmt=pjpeg&hei=350&wid=350,no
Old Spice Men's Antiperspirant & Deodorant Fiji Scent - 2.6oz,Old Spice,$8.89,https://target.scene7.com/is/image/Target/GUEST_c877692c-6851-4bd4-918e-5c70d52956af?qlt=65&fmt=pjpeg&hei=350&wid=350,yes
Old Spice Men's Antiperspirant & Deodorant - Comfort with Clean Cotton Scent - 2.6oz,Old Spice,$8.89,https://target.scene7.com/is/image/Target/GUEST_9c549339-c624-47c2-872b-d77af920f928?qlt=65&fmt=pjpeg&hei=350&wid=350,no
Secret Whole Body Aluminum Free Deodorant Clear Cream - Unscented - 3.0oz,Secret,$14.59,https://target.scene7.com/is/image/Target/GUEST_516a6cb0-68fb-464c-bc3c-68f306c94cb9?qlt=65&fmt=pjpeg&hei=350&wid=350,no
Secret Whole Body Aluminum Free Deodorant Clear Cream - Peach & Vanilla - 3.0oz,Secret,$14.59,https://target.scene7.com/is/image/Target/GUEST_1d873ff0-8abe-44fa-8f82-d35fcc1c3b78?qlt=65&fmt=pjpeg&hei=350&wid=350,no
Native Whole Body Deodorant Spray - Cucumber & Mint - Aluminum Free - 3.5oz,Native,$15.99,https://target.scene7.com/is/image/Target/GUEST_4a07b05c-4fd9-4c68-9784-8594f982ad2c?qlt=65&fmt=pjpeg&hei=350&wid=350,no
Lume Whole Body Women's Deodorant - Invisible Cream Stick - Aluminum Free - Toasted Coconut Scent - 2.2oz,Lume,$16.79,https://target.scene7.com/is/image/Target/GUEST_cc3a6ebd-66cf-4646-91e7-c8a1e0ec06df?qlt=65&fmt=pjpeg&hei=350&wid=350,yes
SheaMoisture Aluminum Free Whole Body Invisible Deodorant Anti-Chafe Stick - Coconut & Hibiscus - 2.6oz,SheaMoisture,$12.19,https://target.scene7.com/is/image/Target/GUEST_e1db3731-3c29-4dab-a590-c54cda52b093?qlt=65&fmt=pjpeg&hei=350&wid=350,no
Old Spice Fresh Collection Deodorant Deep Sea Ocean Elements - 3oz,Old Spice,$8.89,https://target.scene7.com/is/image/Target/GUEST_727b6d8f-319b-4bc9-b11b-c0253080cfd8?qlt=65&fmt=pjpeg&hei=350&wid=350,no
Secret Outlast Dry Spray Antiperspirant Deodorant for Women - 4.1oz,Secret,$8.89,https://target.scene7.com/is/image/Target/GUEST_2a11a9b7-9f48-438b-98c0-1a29c350e07f?qlt=65&fmt=pjpeg&hei=350&wid=350,no
Harry's Wildlands Extra-Strength Antiperspirant Stick for Men - Woodsy Scent - 2.5oz,Harry's,$6.99,https://target.scene7.com/is/image/Target/GUEST_ae384d5a-b5e1-4683-b73c-656b6a3a7f6f?qlt=65&fmt=pjpeg&hei=350&wid=350,no
Lume Whole Body Women's Deodorant - Invisible Cream Stick - Aluminum Free - Unscented - 2.2oz,Lume,$16.79,https://target.scene7.com/is/image/Target/GUEST_fea4eada-f451-4adc-ac57-ad45b438d20c?qlt=65&fmt=pjpeg&hei=350&wid=350,no
Degree Men Ultra Clear Black + White 48-Hour Antiperspirant & Deodorant Stick - 2.7oz,Degree,$6.39,https://target.scene7.com/is/image/Target/GUEST_37e06858-5401-4227-a32a-ac9093ef2964?qlt=65&fmt=pjpeg&hei=350&wid=350,no
"Secret Outlast Clear Gel Antiperspirant Deodorant, Protecting Powder - 2.6oz each/Pack of 2",Secret,$15.29,https://target.scene7.com/is/image/Target/GUEST_db6442fd-9e96-4e25-9081-9153e2a2878d?qlt=65&fmt=pjpeg&hei=350&wid=350,no
Native Limited Edition Deodorant - Autumn Air & Amber - Aluminum Free - 2.65oz,Native,$14.59,https://target.scene7.com/is/image/Target/GUEST_32cc672b-d654-4754-a1e2-8e7a74f04d8a?qlt=65&fmt=pjpeg&hei=350&wid=350,no
Schmidt's Lavender + Sage Aluminum-Free Natural Deodorant Stick - 2.65oz,Schmidt's,$11.79,https://target.scene7.com/is/image/Target/GUEST_91d2305a-9a0a-44c8-b029-b506b09ef54c?qlt=65&fmt=pjpeg&hei=350&wid=350,no
Old Spice Red Zone Aqua Reef Deodorant - 3oz,Old Spice,$8.89,https://target.scene7.com/is/image/Target/GUEST_41c1f8c0-a715-497f-855d-d5afabb8ff62?qlt=65&fmt=pjpeg&hei=350&wid=350,no
Papatui 48-Hour Antiperspirant Deodorant Lush Coconut - 2.6oz,Papatui,$9.99,https://target.scene7.com/is/image/Target/GUEST_2da726cb-9fe1-4630-85b1-882f25460c7d?qlt=65&fmt=pjpeg&hei=350&wid=350,no
Saltair Pink Beach Skincare Deodorant - Coconut Scent - 1.76oz,Saltair,$12.19,https://target.scene7.com/is/image/Target/GUEST_35aaeac0-f184-4742-b8f7-634f860b2ecd?qlt=65&fmt=pjpeg&hei=350&wid=350,yes
Axe Aqua Bergamot 72-Hour Aluminum-Free Premium Body Spray - Sage + Juniper - 4oz,Axe,$14.69,https://target.scene7.com/is/image/Target/GUEST_c5d4045f-33bf-4756-9be5-8ce3a3a13ffb?qlt=65&fmt=pjpeg&hei=350&wid=350,no
Suave Fresh Anti-Staining 48-Hour Antiperspirant & Deodorant Stick - 2.6oz/2pk,Suave,$4.89,https://target.scene7.com/is/image/Target/GUEST_bf8f97fa-075f-4d30-95fe-65ef613007ed?qlt=65&fmt=pjpeg&hei=350&wid=350,no
Axe Fine Black Vanilla Fragrance Collection - 4oz,Axe,$9.79,https://target.scene7.com/is/image/Target/GUEST_6503917b-bae9-46cd-9896-bdd17ba44f6f?qlt=65&fmt=pjpeg&hei=350&wid=350,no
Every Man Jack Sea Salt Men's Antiperspirant Deodorant - 2.6oz,Every Man Jack,$8.29,https://target.scene7.com/is/image/Target/GUEST_7ccf1d0e-79d0-445e-b0d9-74dbcb4b4db0?qlt=65&fmt=pjpeg&hei=350&wid=350,no
Old Spice Red Zone Swagger Invisible Solid - Trial Size - 0.5oz,Old Spice,$1.99,https://target.scene7.com/is/image/Target/GUEST_6c2b6555-9098-4480-9556-63937ecf300d?qlt=65&fmt=pjpeg&hei=350&wid=350,no
Megababe The Geo Deo Multi-Mineral Daily Deodorant - 2.6oz,Megababe,$13.99,https://target.scene7.com/is/image/Target/GUEST_3f2c7684-7551-4277-af7a-eb009c13ff42?qlt=65&fmt=pjpeg&hei=350&wid=350,no
Axe Black Deodorant Body Spray - Floral/Woodsy/Fresh/Fruity/Cedar Scent - 5.1oz,Axe,$7.99,https://target.scene7.com/is/image/Target/GUEST_2eed39bc-02d7-4ba7-8b91-db50ced2e18b?qlt=65&fmt=pjpeg&hei=350&wid=350,no
Mando Whole Body Deodorant - Men's Aluminum-Free Smooth Solid Stick Deodorant - Clover Woods - 2.6oz,Mando,$16.79,https://target.scene7.com/is/image/Target/GUEST_312e4931-6773-4087-b1c6-246124420c57?qlt=65&fmt=pjpeg&hei=350&wid=350,no
Secret Whole Body Aluminum Free Deodorant Clear Cream - Peach & Vanilla - 3.0oz,Secret,$14.59,https://target.scene7.com/is/image/Target/GUEST_1d873ff0-8abe-44fa-8f82-d35fcc1c3b78?qlt=65&fmt=pjpeg&hei=350&wid=350,no
Schmidt's Vanilla + Oat Aluminum-Free Natural Sensitive Skin Deodorant Stick - 2.65oz,Schmidt's,$11.79,https://target.scene7.com/is/image/Target/GUEST_1b2c9e5a-abf8-4a9c-b1e5-1fbff2696cec?qlt=65&fmt=pjpeg&hei=350&wid=350,no
Old Spice Men's Antiperspirant & Deodorant Wilderness with Lavender - 2.6oz/2pk,Old Spice,$15.29,https://target.scene7.com/is/image/Target/GUEST_fe58ddb4-7ebe-4d00-8d81-5870d638809a?qlt=65&fmt=pjpeg&hei=350&wid=350,no
Dove Men+Care Antiperspirant & Deodorant - Extra Fresh,Dove Men+Care,$10.19 - $17.79,https://target.scene7.com/is/image/Target/GUEST_e0be7e39-2e61-4414-a06c-0d3ba5a5bea8?qlt=65&fmt=pjpeg&hei=350&wid=350,no
Dove Men+Care Aloe & Bamboo Whole Body Deodorant Spray - Aluminum Free - 4oz,Dove Men+Care,$14.69,https://target.scene7.com/is/image/Target/GUEST_b45adf0f-bd66-4ed1-b423-3f2ebd87a968?qlt=65&fmt=pjpeg&hei=350&wid=350,no
Dove Men+Care Citrus Zest + Sage Dry Spray Antiperspirant Deodorant - 3.8oz,Dove Men+Care,$10.29,https://target.scene7.com/is/image/Target/GUEST_8c5ae29a-4991-425a-aed4-840e2b0afeae?qlt=65&fmt=pjpeg&hei=350&wid=350,no
Native Deodorant & Body Spray - Eucalyptus & Mint - Aluminum Free - 3.5 oz,Native,$14.99,https://target.scene7.com/is/image/Target/GUEST_ecdc4884-0655-4fe4-943a-7f0064bbc031?qlt=65&fmt=pjpeg&hei=350&wid=350,no
Lume Whole Body Women's Deodorant Invisible Cream Stick - Soft Powder Scent,Lume,$16.79 - $28.49,https://target.scene7.com/is/image/Target/GUEST_2f7dad00-aca6-469a-8a95-017ae009474c?qlt=65&fmt=pjpeg&hei=350&wid=350,yes
Secret Dry Spray Antiperspirant and Deodorant for Women - Powder Fresh - 4.1oz,Secret,$8.89,https://target.scene7.com/is/image/Target/GUEST_2c4167e0-6e4d-4868-a358-a447e7052e39?qlt=65&fmt=pjpeg&hei=350&wid=350,no
Mando Whole Body Deodorant - Men's Aluminum-Free Smooth Solid Stick Deodorant - Bourbon Leather - 2.6oz,Mando,$16.79,https://target.scene7.com/is/image/Target/GUEST_19c8b367-1654-4b81-9e0d-a96d579b0e24?qlt=65&fmt=pjpeg&hei=350&wid=350,no
Native Whole Body Deodorant Spray - Cucumber & Mint - Aluminum Free - 3.5oz,Native,$15.99,https://target.scene7.com/is/image/Target/GUEST_4a07b05c-4fd9-4c68-9784-8594f982ad2c?qlt=65&fmt=pjpeg&hei=350&wid=350,no
Mando Whole Body Deodorant - Men's Aluminum-Free Smooth Solid Stick Deodorant - Mt Fuji - 2.6oz,Mando,$16.79,https://target.scene7.com/is/image/Target/GUEST_eee6c100-511a-4ffb-8fd7-28df0b561517?qlt=65&fmt=pjpeg&hei=350&wid=350,no
Play Pits Suga Kids' Natural Deodorant - 2.65oz,Play Pits,$14.69,https://target.scene7.com/is/image/Target/GUEST_39b94395-0d15-4f90-99b1-7b5f6f19b704?qlt=65&fmt=pjpeg&hei=350&wid=350,no
Native Whole Body Deodorant Stick - Coconut & Vanilla - Aluminum Free - 2.3oz,Native,$14.59,https://target.scene7.com/is/image/Target/GUEST_e1d47e68-0ba9-4a08-83d1-1d03ed304a59?qlt=65&fmt=pjpeg&hei=350&wid=350,no
Schmidt's Sandalwood & Citrus Aluminum-Free Natural Deodorant Stick - 2.65oz,Schmidt's,$10.99,https://target.scene7.com/is/image/Target/GUEST_35cc9792-b633-4ede-8db3-22565e1a60cc?qlt=65&fmt=pjpeg&hei=350&wid=350,no
Secret Women's Clinical Strength Invisible Solid Antiperspirant and Deodorant - Clean Coconut - Trial Size - 1.6oz,Secret,$11.29,https://target.scene7.com/is/image/Target/GUEST_fb7559dc-658a-4d4f-9916-cec7f396c91f?qlt=65&fmt=pjpeg&hei=350&wid=350,no
Secret Clinically Proven Aluminum Free Deodorant for Women - Cherry Blossom & Bergamot - 2.4oz,Secret,$14.59,https://target.scene7.com/is/image/Target/GUEST_f7d27557-e5d6-463f-ab3f-0f31343af00e?qlt=65&fmt=pjpeg&hei=350&wid=350,no
Megababe The Glow Deo Daily Deodorant - 2.6oz,Megababe,$13.99,https://target.scene7.com/is/image/Target/GUEST_18668fca-01ec-46f7-96aa-195df6d2357e?qlt=65&fmt=pjpeg&hei=350&wid=350,yes
Play Pits Sonshine Kids' Natural Deodorant - 2.65oz,Play Pits,$14.69,https://target.scene7.com/is/image/Target/GUEST_e92fecf8-4399-4d4f-af7c-2cc63aed7d45?qlt=65&fmt=pjpeg&hei=350&wid=350,no
Native Deodorant & Body Spray - Citrus & Herbal Musk - Aluminum Free - 3.5oz,Native,$16.99,https://target.scene7.com/is/image/Target/GUEST_a6fd71b2-eda0-4fe7-bcf2-3eccfba18b0a?qlt=65&fmt=pjpeg&hei=350&wid=350,yes
Every Man Jack Cedarwood Men's Antiperspirant Deodorant - 2.6oz,Every Man Jack,$8.29,https://target.scene7.com/is/image/Target/GUEST_bcc0f274-3e9f-443f-b9e9-1f1efeb06342?qlt=65&fmt=pjpeg&hei=350&wid=350,no
Secret Dry Spray Antiperspirant and Deodorant for Women - Shower Fresh - 4.1oz,Secret,$8.89,https://target.scene7.com/is/image/Target/GUEST_6623ad28-46ba-4b36-8dbe-0066b80934b5?qlt=65&fmt=pjpeg&hei=350&wid=350,no
Dove Men+Care Stain Defense Clean Deodorant - 2.7oz/2ct,Dove Men+Care,$14.39,https://target.scene7.com/is/image/Target/GUEST_f9b5f152-f803-46e7-b0e1-8de5d9d5e56d?qlt=65&fmt=pjpeg&hei=350&wid=350,no
SheaMoisture Smoothing Antiperspirant Deodorant Stick with Manuka Honey & Retinol - 2.6oz,SheaMoisture,$12.19,https://target.scene7.com/is/image/Target/GUEST_89a1729b-5b37-4066-a986-0718d1f15f1c?qlt=65&fmt=pjpeg&hei=350&wid=350,yes
Lume Whole Body Women's Deodorant Invisible Cream Stick - Soft Powder Scent,Lume,$16.79 - $28.49,https://target.scene7.com/is/image/Target/GUEST_2f7dad00-aca6-469a-8a95-017ae009474c?qlt=65&fmt=pjpeg&hei=350&wid=350,yes
Mando Whole Body Deodorant - Men's Aluminum-Free Smooth Solid Stick Deodorant - Pro Sport - Trial Size - 0.5oz,Mando,$4.49,https://target.scene7.com/is/image/Target/GUEST_1b881568-037d-43f4-ab16-e5f6a46edf53?qlt=65&fmt=pjpeg&hei=350&wid=350,yes
SheaMoisture Coconut & Hibiscus Whole Body Deodorant Cream - Aluminum Free - 2.5oz,SheaMoisture,$12.19,https://target.scene7.com/is/image/Target/GUEST_736370c8-65f6-458d-80aa-928c6bb4c37a?qlt=65&fmt=pjpeg&hei=350&wid=350,no
Old Spice Men's High Endurance Anti-Perspirant and Deodorant Invisible Dry Spray for Men - Pure Sport Scent - 4.3oz,Old Spice,$8.89,https://target.scene7.com/is/image/Target/GUEST_cd22e815-34a0-4641-ae79-586aa827b3b7?qlt=65&fmt=pjpeg&hei=350&wid=350,no
Old Spice Men's High Endurance Anti-Perspirant and Deodorant Invisible Dry Spray for Men - 4.3oz,Old Spice,$8.89,https://target.scene7.com/is/image/Target/GUEST_9ec8aefc-aaa0-471e-9351-dc6b8577c39f?qlt=65&fmt=pjpeg&hei=350&wid=350,no
Dove Men+Care Citrus Zest & Sage Aluminum Free Deodorant Stick - 2.6oz,Dove Men+Care,$8.59,https://target.scene7.com/is/image/Target/GUEST_a3fc423c-4000-4241-a270-26220a70b884?qlt=65&fmt=pjpeg&hei=350&wid=350,no
Fresh Kidz Boys Blue Deodorant - 1.86 fl oz,Fresh Kidz,$8.99,https://target.scene7.com/is/image/Target/GUEST_49b91e2b-690e-4c4f-9bae-426977d391f4?qlt=65&fmt=pjpeg&hei=350&wid=350,no
Schmidt's Rose + Vanilla Aluminum-Free Natural Deodorant Stick - 2.65oz,Schmidt's,$10.49,https://target.scene7.com/is/image/Target/GUEST_912bf73b-f29a-40a4-bd1f-d39f9e095f6b?qlt=65&fmt=pjpeg&hei=350&wid=350,no
Dove Beauty Unscented Whole Body Deodorant Cream - Aluminum Free - 2.5 fl oz,Dove Beauty,$14.69,https://target.scene7.com/is/image/Target/GUEST_2ba9d657-5a4a-4ef6-ace5-712430316a38?qlt=65&fmt=pjpeg&hei=350&wid=350,no
Play Pits Queen Natural Deodorant - 2.65oz,Play Pits,$14.69,https://target.scene7.com/is/image/Target/GUEST_51ceb142-8b64-45ca-b1f6-0d0953d7b499?qlt=65&fmt=pjpeg&hei=350&wid=350,no
Old Spice Whole Body Deodorant for Men - Total Body Aluminum Free Spray - Cucumber & Avocado - 3.5oz,Old Spice,$16.49,https://target.scene7.com/is/image/Target/GUEST_dd58e114-3796-447f-bfaa-7b0f5635503e?qlt=65&fmt=pjpeg&hei=350&wid=350,no
Native Whole Body Deodorant Spray - Lilac & White Tea - Aluminum Free - 3.5oz,Native,$15.79,https://target.scene7.com/is/image/Target/GUEST_1cd7fbef-424f-4690-b160-f0b01ee7c75e?qlt=65&fmt=pjpeg&hei=350&wid=350,no
Kopari Aluminum-Free Coconut Deodorant - 2oz - Ulta Beauty,Kopari,$18.00,https://target.scene7.com/is/image/Target/GUEST_4495f5dc-a89b-4aa2-bdea-fef8ba24e65a?qlt=65&fmt=pjpeg&hei=350&wid=350,no
Dove Beauty VitaminCare+ Aluminum Free Deodorant Stick with Niacinamide - Cucumber & Melon - 2.6oz,Dove Beauty,$14.69,https://target.scene7.com/is/image/Target/GUEST_585c767e-f8b9-406d-8b10-38d39c058049?qlt=65&fmt=pjpeg&hei=350&wid=350,no
Secret Whole Body Aluminum Free Deodorant Clear Cream - Unscented - 3.0oz,Secret,$14.59,https://target.scene7.com/is/image/Target/GUEST_516a6cb0-68fb-464c-bc3c-68f306c94cb9?qlt=65&fmt=pjpeg&hei=350&wid=350,no
Native Whole Body Deodorant Stick - Unscented - Aluminum Free - 2.3oz,Native,$14.59,https://target.scene7.com/is/image/Target/GUEST_f467b40a-ddec-4444-a3ad-d147e505f18e?qlt=65&fmt=pjpeg&hei=350&wid=350,no
Old Spice Whole Body Deodorant for Men - Total Body Aluminum Free Deodorant Cream - Vanilla & Shea - 3oz,Old Spice,$16.49,https://target.scene7.com/is/image/Target/GUEST_c78082b9-5bb1-4849-b59c-c0ce69c931ff?qlt=65&fmt=pjpeg&hei=350&wid=350,no
Secret Whole Body Stick Aluminum Free Deodorant for Women - Fresh Lilac Waterlily - 2.4oz,Secret,$14.59,https://target.scene7.com/is/image/Target/GUEST_dac4e94a-b32e-4f17-931e-1961d2cab907?qlt=65&fmt=pjpeg&hei=350&wid=350,no
Secret Whole Body Stick Aluminum Free Deodorant for Women - Fresh Lilac Waterlily - 2.4oz,Secret,$14.59,https://target.scene7.com/is/image/Target/GUEST_dac4e94a-b32e-4f17-931e-1961d2cab907?qlt=65&fmt=pjpeg&hei=350&wid=350,no
Old Spice Whole Body Deodorant for Men - Total Body Aluminum Free Spray - Lavender & Mint - 3.5oz,Old Spice,$16.49,https://target.scene7.com/is/image/Target/GUEST_5271ccf4-ec0f-44ea-a8b1-3fe851566f43?qlt=65&fmt=pjpeg&hei=350&wid=350,no
Play Pits LOVE Natural Deodorant - 2.65oz,Play Pits,$14.69,https://target.scene7.com/is/image/Target/GUEST_08b7d1e2-56d0-4fb3-ad62-f61bb8c04ca3?qlt=65&fmt=pjpeg&hei=350&wid=350,no
Crystal Mineral Roll-On Deodorant - Lavender & White Tea - 2.25 fl oz/3pk,Crystal,$14.99,https://target.scene7.com/is/image/Target/GUEST_a26a1c12-6cd6-4bef-ae6a-4750e9598bee?qlt=65&fmt=pjpeg&hei=350&wid=350,no
Humble Brands Original Formula Aluminum-Free Deodorant - Moroccan Rose - 2.5oz,Humble Brands,$10.99,https://target.scene7.com/is/image/Target/GUEST_90715498-da04-4299-b280-59fc0d669fb4?qlt=65&fmt=pjpeg&hei=350&wid=350,yes
Native Whole Body Deodorant Stick - Cucumber & Mint - Aluminum Free - 2.3oz,Native,$14.59,https://target.scene7.com/is/image/Target/GUEST_e2666280-74e8-44f2-a501-c35ab293e32d?qlt=65&fmt=pjpeg&hei=350&wid=350,no
SheaMoisture Sensitive Skin Antiperspirant Deodorant Stick with Aloe Vera & Ceramides - 2.6oz,SheaMoisture,$12.19,https://target.scene7.com/is/image/Target/GUEST_df13a9e6-b33f-434e-98cd-84a252c3aa39?qlt=65&fmt=pjpeg&hei=350&wid=350,no
Megababe Sunny Pits Daily Deodorant - 2.6oz,Megababe,$13.99,https://target.scene7.com/is/image/Target/GUEST_c3d19d0e-f844-41e4-a273-aa091afbc6d8?qlt=65&fmt=pjpeg&hei=350&wid=350,no
Humble Brands Vegan & Sensitive Skin Formula Baking Soda Free Deodorant - Simply Unscented - 2.5oz,Humble Brands,$10.99,https://target.scene7.com/is/image/Target/GUEST_f9f0e1b6-5e07-408b-9480-34ae9050e9f1?qlt=65&fmt=pjpeg&hei=350&wid=350,yes
Papatui 48-Hour Deodorant Lush Coconut - 2.6oz,Papatui,$9.99,https://target.scene7.com/is/image/Target/GUEST_fbe2b28f-7909-4dd0-a423-7b85aeb39952?qlt=65&fmt=pjpeg&hei=350&wid=350,no
Old Spice Whole Body Deodorant for Men Total Body Aluminum Free Spray - Fiji - 3.5oz,Old Spice,$15.89,https://target.scene7.com/is/image/Target/GUEST_cbe198e8-4981-4ac0-b0e5-c7c03963c3b4?qlt=65&fmt=pjpeg&hei=350&wid=350,no
Mando Whole Body Deodorant - Men's Aluminum-Free Smooth Solid Stick Deodorant - Bourbon Leather - Trial Size - 0.5oz,Mando,$4.49,https://target.scene7.com/is/image/Target/GUEST_25dce831-26f9-46f1-8bfe-a61a4aa85533?qlt=65&fmt=pjpeg&hei=350&wid=350,yes
Sole-Pourri Shoe + Foot Funk Fighting Odor Refresher - Citrus Mint - 3.4 fl oz,Sole-Pourri,$12.19,https://target.scene7.com/is/image/Target/GUEST_56bb6875-5e6f-4833-a714-ccf195c3823a?qlt=65&fmt=pjpeg&hei=350&wid=350,no
Saltair Pink Beach Skincare Deodorant Refill Pod - Coconut Scent - 1.76oz,Saltair,$7.99,https://target.scene7.com/is/image/Target/GUEST_821f8645-b36f-4170-8019-c954f273b9ba?qlt=65&fmt=pjpeg&hei=350&wid=350,yes
Schmidt's 24-Hour Natural Deodorant Stick - Woodsy/Earthy/Fresh Scent - 2.65oz,Schmidt's,$8.99,https://target.scene7.com/is/image/Target/GUEST_ecc26f22-8dea-47b8-a174-cdf940038a23?qlt=65&fmt=pjpeg&hei=350&wid=350,no
Old Spice Whole Body Deodorant for Men - Total Body Aluminum Free Deodorant - Cucumber & Avocado - 3oz,Old Spice,$16.49,https://target.scene7.com/is/image/Target/GUEST_26e7fca4-af3a-4d35-974c-245220dc04d2?qlt=65&fmt=pjpeg&hei=350&wid=350,no
Certain Dri Prescription Strength Clinical Roll-On Antiperspirant - Unscented - 1.2oz/3pk,Certain Dri,$17.99,https://target.scene7.com/is/image/Target/GUEST_65bb2633-2ffa-4955-babf-1e8a7f4b1451?qlt=65&fmt=pjpeg&hei=350&wid=350,no
Fresh Kidz Girls Purple Deodorant - 1.86 fl oz,Fresh Kidz,$8.99,https://target.scene7.com/is/image/Target/GUEST_d6b0db32-c14d-4658-88fe-b56a026becb6?qlt=65&fmt=pjpeg&hei=350&wid=350,yes
Humble Brands Original Formula Aluminum-Free Deodorant - Palo Santo & Frankincense - 2.5oz,Humble Brands,$10.99,https://target.scene7.com/is/image/Target/GUEST_3040dc4a-6e3d-415b-8b09-dca18f867b00?qlt=65&fmt=pjpeg&hei=350&wid=350,no
Dove Men+Care Aluminum Free Whole Body Deodorant Anti-Chafe Stick - Aloe & Bamboo - 2.6oz,Dove Men+Care,$17.99,https://target.scene7.com/is/image/Target/GUEST_94a57110-d717-4eb1-93a0-9f961ae950aa?qlt=65&fmt=pjpeg&hei=350&wid=350,no
Mando Whole Body Deodorant - Men's Aluminum-Free Invisible Cream Deodorant - Pro Sport - 2.2oz,Mando,$16.79,https://target.scene7.com/is/image/Target/GUEST_2126923e-0968-4e79-9dc5-6dd6bc7eb49f?qlt=65&fmt=pjpeg&hei=350&wid=350,no
Mando Whole Body Deodorant - Men's Aluminum-Free Invisible Cream Deodorant  - Mt Fuji - 2.2oz,Mando,$16.79,https://target.scene7.com/is/image/Target/GUEST_8e171aa3-d00f-4f3d-b9cd-e11ba2be6f99?qlt=65&fmt=pjpeg&hei=350&wid=350,no
Certain Dri Extra Strength Clinical Solid Antiperspirant + Deodorant - Unscented - 1.7oz/3pk,Certain Dri,$17.49,https://target.scene7.com/is/image/Target/GUEST_794f0480-195c-432a-891c-956dcbb182cf?qlt=65&fmt=pjpeg&hei=350&wid=350,no
Megababe The Green Deo Daily Deodorant with Antioxidants - 2.6oz,Megababe,$13.99,https://target.scene7.com/is/image/Target/GUEST_a41833da-7f90-4dbb-a1f2-ff3f97d0a032?qlt=65&fmt=pjpeg&hei=350&wid=350,no
Humble Brands Original Formula Aluminum-Free Deodorant - Mountain Lavender - 2.5oz,Humble Brands,$10.99,https://target.scene7.com/is/image/Target/GUEST_8209aa0f-96e8-4715-add3-027bb774d64f?qlt=65&fmt=pjpeg&hei=350&wid=350,no
Mando Whole Body Deodorant - Men's Aluminum-Free Smooth Solid Stick Deodorant - Unscented - 2.6oz,Mando,$16.79,https://target.scene7.com/is/image/Target/GUEST_a808b735-ebeb-4124-91e2-fbb8bbf8a82a?qlt=65&fmt=pjpeg&hei=350&wid=350,no
Megababe Soapy Pits Daily Deodorant - 2.6oz,Megababe,$13.99,https://target.scene7.com/is/image/Target/GUEST_49f4fdea-3224-47d1-8e92-c0216ca1bc64?qlt=65&fmt=pjpeg&hei=350&wid=350,no
Mando Whole Body Deodorant - Men's Aluminum-Free Invisible Cream Deodorant - Pro Sport - Trial Size - 0.5oz,Mando,$4.49,https://target.scene7.com/is/image/Target/GUEST_c94ab306-6610-4527-8a39-ad3552e06f03?qlt=65&fmt=pjpeg&hei=350&wid=350,no
Native Whole Body Deodorant Stick - Lilac & White Tea - Aluminum Free - 2.3oz,Native,$14.59,https://target.scene7.com/is/image/Target/GUEST_fc679f63-a74f-4168-9d62-ad1458f1ac90?qlt=65&fmt=pjpeg&hei=350&wid=350,no
Fresh Kidz Girls Pink Deodorant - 1.86 fl oz,Fresh Kidz,$8.99,https://target.scene7.com/is/image/Target/GUEST_a25a008d-5fdb-4e90-92a0-9c25c0258b9f?qlt=65&fmt=pjpeg&hei=350&wid=350,yes
Play Pits King Natural Deodorant - 2.65oz,Play Pits,$11.99,https://target.scene7.com/is/image/Target/GUEST_b66f6912-9959-4ea3-aaab-ddb35bc502bb?qlt=65&fmt=pjpeg&hei=350&wid=350,no
Lavanila Aluminum-Free Natural Deodorant - Pure Vanilla - 2oz,Lavanila,$11.99,https://target.scene7.com/is/image/Target/GUEST_d789cbdc-97ad-4aec-a56d-970bc94d878e?qlt=65&fmt=pjpeg&hei=350&wid=350,no
Mando Whole Body Deodorant - Men's Aluminum-Free Invisible Cream Deodorant - Clover Woods - 2.2oz,Mando,$16.79,https://target.scene7.com/is/image/Target/GUEST_efe34f6a-ac48-4e0e-af88-3549552513ee?qlt=65&fmt=pjpeg&hei=350&wid=350,no
Lavanila Aluminum-Free Natural Probiotic Deodorant - Vanilla Eucalyptus - 2oz,Lavanila,$11.99,https://target.scene7.com/is/image/Target/GUEST_db53f9ce-66e9-4d7f-8ae5-669b8fc2c1b9?qlt=65&fmt=pjpeg&hei=350&wid=350,no
Mando Whole Body Deodorant - Men's Aluminum-Free Invisible Cream Deodorant - Bourbon Leather - 2.2oz,Mando,$16.79,https://target.scene7.com/is/image/Target/GUEST_4e87f8a6-6beb-4540-bbaf-48f97fe9eb49?qlt=65&fmt=pjpeg&hei=350&wid=350,yes
Humble Brands Original Formula Aluminum-Free Deodorant - Rosemary & Mint - 2.5oz,Humble Brands,$10.99,https://target.scene7.com/is/image/Target/GUEST_1d355e41-7116-4dd5-8c41-f986f0dbf2fc?qlt=65&fmt=pjpeg&hei=350&wid=350,no
Method Men Aluminum Free Deodorant - Cedar + Cypress - 2.65oz,Method,$10.49,https://target.scene7.com/is/image/Target/GUEST_1fcd361f-1a52-4cfe-947d-3195eee7d38a?qlt=65&fmt=pjpeg&hei=350&wid=350,no
Crystal Magnesium Enriched Deodorant - Coconut + Vanilla - 2.5oz,Crystal,$9.99,https://target.scene7.com/is/image/Target/GUEST_53b2640a-24a7-44d6-9b2a-14e5a3a95337?qlt=65&fmt=pjpeg&hei=350&wid=350,no
Native Limited Edition Whole Body Deodorant Cream - Honeycrisp & Cider - Aluminum Free - 3oz,Native,$14.99,https://target.scene7.com/is/image/Target/GUEST_52a1747d-b097-414b-9478-ab8989a0d242?qlt=65&fmt=pjpeg&hei=350&wid=350,no
Megababe Magic Powder Lotion - 4.5 fl oz,Megababe,$15.99,https://target.scene7.com/is/image/Target/GUEST_2ea7eae5-25ab-4e46-a2d4-d15fa437efbd?qlt=65&fmt=pjpeg&hei=350&wid=350,no
SheaMoisture Soothing Post-Shave Antiperspirant Deodorant Stick with Vitamin E & Kukui - 2.6oz,SheaMoisture,$12.19,https://target.scene7.com/is/image/Target/GUEST_ab5682f7-bc9b-48df-b624-be46e014aa9d?qlt=65&fmt=pjpeg&hei=350&wid=350,no
Clean Age Aluminum-Free Natural Deodorant - Citrus - 2oz,Clean Age,$9.99,https://target.scene7.com/is/image/Target/GUEST_37b3e7ac-87ca-4973-b420-a9404dd6a51b?qlt=65&fmt=pjpeg&hei=350&wid=350,yes
Lavanila Aluminum-Free Natural Deodorant - Sport Luxe - 2.2oz,Lavanila,$13.99,https://target.scene7.com/is/image/Target/GUEST_66f1d74c-617e-4a4e-83ba-8d4d9f0a1ca8?qlt=65&fmt=pjpeg&hei=350&wid=350,no
Clean Age Aluminum-Free Natural Deodorant - Fresh - 2oz,Clean Age,$12.19,https://target.scene7.com/is/image/Target/GUEST_8e95d8a0-17c8-4b73-918a-5fb1bd24409b?qlt=65&fmt=pjpeg&hei=350&wid=350,no
Old Spice Whole Body Deodorant for Men - Fiji - 3oz,Old Spice,$16.49,https://target.scene7.com/is/image/Target/GUEST_b2030beb-5c34-48ce-913c-b79848628b96?qlt=65&fmt=pjpeg&hei=350&wid=350,no
Crystal Magnesium Enriched Deodorant - Lavender + Rosemary - 2.5oz,Crystal,$9.99,https://target.scene7.com/is/image/Target/GUEST_6a970045-2714-4a50-abc7-eebc41a88e04?qlt=65&fmt=pjpeg&hei=350&wid=350,no
Mando Whole Body Deodorant - Men's Aluminum-Free Invisible Cream Deodorant - Bourbon Leather - Trial Size - 0.5oz,Mando,$4.49,https://target.scene7.com/is/image/Target/GUEST_5e57e588-72f8-42fd-83ca-43e83eb999e0?qlt=65&fmt=pjpeg&hei=350&wid=350,no
Truly Unicorn Fruit Brightening + Smoothing Aluminum Free Women's Deodorant - 3oz - Ulta Beauty,TRULY,$18.00,https://target.scene7.com/is/image/Target/GUEST_ef6c5e59-7e02-4272-97fc-3fa94608b0a4?qlt=65&fmt=pjpeg&hei=350&wid=350,no
Mando Whole Body Deodorant - Men's Aluminum-Free Invisible Cream Deodorant - Bourbon Leather - Trial Size - 0.5oz,Mando,$4.49,https://target.scene7.com/is/image/Target/GUEST_5e57e588-72f8-42fd-83ca-43e83eb999e0?qlt=65&fmt=pjpeg&hei=350&wid=350,no
OARS + ALPS Men's Aluminum-Free Natural Deodorant - 2.6oz,OARS + ALPS,$13.99,https://target.scene7.com/is/image/Target/GUEST_39b9e49a-3adb-4138-a83a-78859e76941a?qlt=65&fmt=pjpeg&hei=350&wid=350,no
Truly Unicorn Fruit Brightening + Smoothing Aluminum Free Women's Deodorant - 3oz - Ulta Beauty,TRULY,$18.00,https://target.scene7.com/is/image/Target/GUEST_ef6c5e59-7e02-4272-97fc-3fa94608b0a4?qlt=65&fmt=pjpeg&hei=350&wid=350,no
Crystal Magnesium Enriched Deodorant - Cucumber + Mint - 2.5oz,Crystal,$9.99,https://target.scene7.com/is/image/Target/GUEST_2c6653e5-aeb5-4f60-8e72-0208b51077e5?qlt=65&fmt=pjpeg&hei=350&wid=350,no
Humble Brands Original Formula Aluminum-Free Deodorant - Bergamot & Ginger - 2.5oz,Humble Brands,$10.99,https://target.scene7.com/is/image/Target/GUEST_40f5e1ec-1b6b-4eb2-a7de-94819a5d7fdc?qlt=65&fmt=pjpeg&hei=350&wid=350,no
Lavanila Aluminum-Free Natural Deodorant - Vanilla Lavender - 2oz,Lavanila,$11.99,https://target.scene7.com/is/image/Target/GUEST_f4abfefe-52ee-4237-bdaf-656b66563cb0?qlt=65&fmt=pjpeg&hei=350&wid=350,no
Mando Whole Body Deodorant - Men's Aluminum-Free Invisible Cream Deodorant  - Unscented - 2.2oz,Mando,$16.79,https://target.scene7.com/is/image/Target/GUEST_042c5bc3-ef7d-4e25-8899-b9bca8c7e4fd?qlt=65&fmt=pjpeg&hei=350&wid=350,no
Megababe Toe Deodorant - 3.8 fl oz,Megababe,$13.99,https://target.scene7.com/is/image/Target/GUEST_9d26544a-948f-4759-9800-95b286f5a0b8?qlt=65&fmt=pjpeg&hei=350&wid=350,yes
Lavanila Aluminum-Free Natural Deodorant - Vanilla Lemon - 2oz,Lavanila,$11.99,https://target.scene7.com/is/image/Target/GUEST_bfd3f7d5-80a5-423d-ae69-b3d31821aa4a?qlt=65&fmt=pjpeg&hei=350&wid=350,no
Lavanila Aluminum-Free Natural Deodorant - Vanilla Coconut - 2oz,Lavanila,$11.99,https://target.scene7.com/is/image/Target/GUEST_36d6f88e-1c4c-4429-9605-f59eb40c48b3?qlt=65&fmt=pjpeg&hei=350&wid=350,no
Clean Age Aluminum-Free Natural Deodorant - Waves - 2oz,Clean Age,$9.99,https://target.scene7.com/is/image/Target/GUEST_d86cb46d-dedf-421b-864c-1f703056cb1e?qlt=65&fmt=pjpeg&hei=350&wid=350,no
Megababe Chest-O Presto Acne Spray - 3.8 fl oz,Megababe,$17.99,https://target.scene7.com/is/image/Target/GUEST_9c80bca8-8aa9-45d5-ab64-f34184779ba4?qlt=65&fmt=pjpeg&hei=350&wid=350,no
"Degree UltraClear, Black + White, Antiperspirant Deodorant, 2 Pack, 2.6 oz (74 g) Each",Degree,$13.22,https://target.scene7.com/is/image/Target/GUEST_1833b605-9fc7-49fb-b379-955348ed419e?qlt=65&fmt=pjpeg&hei=350&wid=350,no
Old Spice Men's Timber with Sandalwood Antiperspirant Deodorant - 2.6oz,Old Spice,$8.89 - $13.99,https://target.scene7.com/is/image/Target/GUEST_5a828748-dc27-4cc5-9506-0eb8985c8305?qlt=65&fmt=pjpeg&hei=350&wid=350,no
Secret pH Balanced Shower Fresh Invisible Solid Antiperspirant & Deodorant Twin Pack - 2.6oz/2ct,Secret,$7.89,https://target.scene7.com/is/image/Target/GUEST_6cf4346b-ce1b-4ff4-a015-5ce0201d5612?qlt=65&fmt=pjpeg&hei=350&wid=350,no
HiBAR Deodorant - Lavender + Jasmine - 2.25oz,HiBAR,$12.99,https://target.scene7.com/is/image/Target/GUEST_046b43cb-57e7-4d0f-87d2-440babb79c5f?qlt=65&fmt=pjpeg&hei=350&wid=350,no
Lavanila Aluminum-Free Natural Deodorant - Vanilla Grapefruit - 2oz,Lavanila,$11.99,https://target.scene7.com/is/image/Target/GUEST_ba245a41-910a-4d2b-8561-574bf9003e45?qlt=65&fmt=pjpeg&hei=350&wid=350,no
cleo+coco. Plastic Free Natural Deodorant Bar For Men and Women â€“ Aluminum Free - Basil Mint - 2oz,cleo+coco.,$13.99,https://target.scene7.com/is/image/Target/GUEST_bb5094f6-1b0d-46eb-bedb-7a34a41e07d2?qlt=65&fmt=pjpeg&hei=350&wid=350,no
Clean Age Aluminum-Free Natural Deodorant - Variety - 2oz/3pk,Clean Age,$29.99,https://target.scene7.com/is/image/Target/GUEST_e9211ef2-6747-4c84-ae55-89e667af9cf0?qlt=65&fmt=pjpeg&hei=350&wid=350,no
Honeybee Gardens  HBG for Men Bay Rum Deodorant Powder 4 oz.,Honeybee Gardens,$9.99,https://target.scene7.com/is/image/Target/GUEST_d904e744-da4c-4a6f-a020-9d5337354f5e?qlt=65&fmt=pjpeg&hei=350&wid=350,no